"Year","Month","SpeciesAuthor","MatrixPopulation","Lon","Lat","n_year","tmp","ppt"
1981,1,"Astragalus_scaphoides_2","Haynes Creek",-113.7,45.8666666666667,11,-3.4370002746582,19.2199993133545
1981,2,"Astragalus_scaphoides_2","Haynes Creek",-113.7,45.8666666666667,11,-4.70300006866455,62.0190010070801
1981,3,"Astragalus_scaphoides_2","Haynes Creek",-113.7,45.8666666666667,11,-0.964000046253204,52.6640014648438
1981,4,"Astragalus_scaphoides_2","Haynes Creek",-113.7,45.8666666666667,11,1.04100000858307,61.1730003356934
1981,5,"Astragalus_scaphoides_2","Haynes Creek",-113.7,45.8666666666667,11,5.22400045394897,147.100006103516
1981,6,"Astragalus_scaphoides_2","Haynes Creek",-113.7,45.8666666666667,11,8.19000053405762,120.285003662109
1981,7,"Astragalus_scaphoides_2","Haynes Creek",-113.7,45.8666666666667,11,13.3480005264282,35.4090003967285
1981,8,"Astragalus_scaphoides_2","Haynes Creek",-113.7,45.8666666666667,11,15.6780004501343,23.2119998931885
1981,9,"Astragalus_scaphoides_2","Haynes Creek",-113.7,45.8666666666667,11,9.44700050354004,48.5940017700195
1981,10,"Astragalus_scaphoides_2","Haynes Creek",-113.7,45.8666666666667,11,1.77400004863739,49.1889991760254
1981,11,"Astragalus_scaphoides_2","Haynes Creek",-113.7,45.8666666666667,11,-2.01700019836426,62.6119995117188
1981,12,"Astragalus_scaphoides_2","Haynes Creek",-113.7,45.8666666666667,11,-6.7020001411438,92.6289978027344
1982,1,"Astragalus_scaphoides_2","Haynes Creek",-113.7,45.8666666666667,11,-9.54900074005127,116.531997680664
1982,2,"Astragalus_scaphoides_2","Haynes Creek",-113.7,45.8666666666667,11,-8.28700065612793,80.8420028686523
1982,3,"Astragalus_scaphoides_2","Haynes Creek",-113.7,45.8666666666667,11,-3.05900025367737,85.3779983520508
1982,4,"Astragalus_scaphoides_2","Haynes Creek",-113.7,45.8666666666667,11,-1.67400002479553,87.3099975585938
1982,5,"Astragalus_scaphoides_2","Haynes Creek",-113.7,45.8666666666667,11,3.71200013160706,96.1340026855469
1982,6,"Astragalus_scaphoides_2","Haynes Creek",-113.7,45.8666666666667,11,9.33300018310547,71.4059982299805
1982,7,"Astragalus_scaphoides_2","Haynes Creek",-113.7,45.8666666666667,11,12.5800008773804,47.617000579834
1982,8,"Astragalus_scaphoides_2","Haynes Creek",-113.7,45.8666666666667,11,14.9250011444092,29.6989994049072
1982,9,"Astragalus_scaphoides_2","Haynes Creek",-113.7,45.8666666666667,11,7.73000049591064,85.7129974365234
1982,10,"Astragalus_scaphoides_2","Haynes Creek",-113.7,45.8666666666667,11,2.03600001335144,51.984001159668
1982,11,"Astragalus_scaphoides_2","Haynes Creek",-113.7,45.8666666666667,11,-4.80800008773804,34.1780014038086
1982,12,"Astragalus_scaphoides_2","Haynes Creek",-113.7,45.8666666666667,11,-6.9040002822876,98.6579971313477
1983,1,"Astragalus_scaphoides_2","Haynes Creek",-113.7,45.8666666666667,11,-4.04700040817261,57.8600006103516
1983,2,"Astragalus_scaphoides_2","Haynes Creek",-113.7,45.8666666666667,11,-3.53800010681152,45.3759994506836
1983,3,"Astragalus_scaphoides_2","Haynes Creek",-113.7,45.8666666666667,11,-1.90900003910065,71.1380004882812
1983,4,"Astragalus_scaphoides_2","Haynes Creek",-113.7,45.8666666666667,11,-0.502000033855438,51.7840003967285
1983,5,"Astragalus_scaphoides_2","Haynes Creek",-113.7,45.8666666666667,11,4.7790002822876,71.0619964599609
1983,6,"Astragalus_scaphoides_2","Haynes Creek",-113.7,45.8666666666667,11,8.67800045013428,64.2850036621094
1983,7,"Astragalus_scaphoides_2","Haynes Creek",-113.7,45.8666666666667,11,12.1380004882812,86.681999206543
1983,8,"Astragalus_scaphoides_2","Haynes Creek",-113.7,45.8666666666667,11,15.371000289917,54.5579986572266
1983,9,"Astragalus_scaphoides_2","Haynes Creek",-113.7,45.8666666666667,11,7.26800012588501,58.3380012512207
1983,10,"Astragalus_scaphoides_2","Haynes Creek",-113.7,45.8666666666667,11,3.507000207901,48.6510009765625
1983,11,"Astragalus_scaphoides_2","Haynes Creek",-113.7,45.8666666666667,11,-2.64300012588501,68.1520004272461
1983,12,"Astragalus_scaphoides_2","Haynes Creek",-113.7,45.8666666666667,11,-13.4860010147095,66.3379974365234
1984,1,"Astragalus_scaphoides_2","Haynes Creek",-113.7,45.8666666666667,11,-6.74900054931641,49.8650016784668
1984,2,"Astragalus_scaphoides_2","Haynes Creek",-113.7,45.8666666666667,11,-5.87200021743774,42.9020004272461
1984,3,"Astragalus_scaphoides_2","Haynes Creek",-113.7,45.8666666666667,11,-3.36900019645691,97.9670028686523
1984,4,"Astragalus_scaphoides_2","Haynes Creek",-113.7,45.8666666666667,11,-0.444000035524368,103.929000854492
1984,5,"Astragalus_scaphoides_2","Haynes Creek",-113.7,45.8666666666667,11,3.89600014686584,99.9509963989258
1984,6,"Astragalus_scaphoides_2","Haynes Creek",-113.7,45.8666666666667,11,7.93600034713745,119.991996765137
1984,7,"Astragalus_scaphoides_2","Haynes Creek",-113.7,45.8666666666667,11,13.5650005340576,25.9230003356934
1984,8,"Astragalus_scaphoides_2","Haynes Creek",-113.7,45.8666666666667,11,14.2920007705688,65.1719970703125
1984,9,"Astragalus_scaphoides_2","Haynes Creek",-113.7,45.8666666666667,11,6.18200016021729,71.4810028076172
1984,10,"Astragalus_scaphoides_2","Haynes Creek",-113.7,45.8666666666667,11,0.396000027656555,54.875
1984,11,"Astragalus_scaphoides_2","Haynes Creek",-113.7,45.8666666666667,11,-5.30700016021729,67.8479995727539
1984,12,"Astragalus_scaphoides_2","Haynes Creek",-113.7,45.8666666666667,11,-9.99200057983398,67.4629974365234
1985,1,"Astragalus_scaphoides_2","Haynes Creek",-113.7,45.8666666666667,11,-8.78600025177002,28.6350002288818
1985,2,"Astragalus_scaphoides_2","Haynes Creek",-113.7,45.8666666666667,11,-11.3240003585815,46.0499992370605
1985,3,"Astragalus_scaphoides_2","Haynes Creek",-113.7,45.8666666666667,11,-5.5310001373291,58.5130004882812
1985,4,"Astragalus_scaphoides_2","Haynes Creek",-113.7,45.8666666666667,11,1.70700013637543,49.9500007629395
1985,5,"Astragalus_scaphoides_2","Haynes Creek",-113.7,45.8666666666667,11,6.15300035476685,73.568000793457
1985,6,"Astragalus_scaphoides_2","Haynes Creek",-113.7,45.8666666666667,11,9.47700023651123,38.0660018920898
1985,7,"Astragalus_scaphoides_2","Haynes Creek",-113.7,45.8666666666667,11,16.3740005493164,7.06199979782104
1985,8,"Astragalus_scaphoides_2","Haynes Creek",-113.7,45.8666666666667,11,11.3050003051758,85.713996887207
1985,9,"Astragalus_scaphoides_2","Haynes Creek",-113.7,45.8666666666667,11,5.09600019454956,116.898002624512
1985,10,"Astragalus_scaphoides_2","Haynes Creek",-113.7,45.8666666666667,11,0.744000017642975,44.859001159668
1985,11,"Astragalus_scaphoides_2","Haynes Creek",-113.7,45.8666666666667,11,-10.573000907898,59.439998626709
1985,12,"Astragalus_scaphoides_2","Haynes Creek",-113.7,45.8666666666667,11,-8.01399993896484,18.3139991760254
1986,1,"Astragalus_scaphoides_2","Haynes Creek",-113.7,45.8666666666667,11,-5.11200046539307,60.8800010681152
1986,2,"Astragalus_scaphoides_2","Haynes Creek",-113.7,45.8666666666667,11,-6.34600019454956,137.39599609375
1986,3,"Astragalus_scaphoides_2","Haynes Creek",-113.7,45.8666666666667,11,-0.164000004529953,49.9500007629395
1986,4,"Astragalus_scaphoides_2","Haynes Creek",-113.7,45.8666666666667,11,0.606000006198883,79.359001159668
1986,5,"Astragalus_scaphoides_2","Haynes Creek",-113.7,45.8666666666667,11,5.26700019836426,82.2679977416992
1986,6,"Astragalus_scaphoides_2","Haynes Creek",-113.7,45.8666666666667,11,12.5740003585815,64.9150009155273
1986,7,"Astragalus_scaphoides_2","Haynes Creek",-113.7,45.8666666666667,11,11.1910009384155,45.9220008850098
1986,8,"Astragalus_scaphoides_2","Haynes Creek",-113.7,45.8666666666667,11,15.1340007781982,49.8479995727539
1986,9,"Astragalus_scaphoides_2","Haynes Creek",-113.7,45.8666666666667,11,5.56400012969971,84.6510009765625
1986,10,"Astragalus_scaphoides_2","Haynes Creek",-113.7,45.8666666666667,11,3.99900007247925,21.2660007476807
1986,11,"Astragalus_scaphoides_2","Haynes Creek",-113.7,45.8666666666667,11,-5.02100038528442,83.2360000610352
1986,12,"Astragalus_scaphoides_2","Haynes Creek",-113.7,45.8666666666667,11,-6.81400012969971,20.693000793457
1987,1,"Astragalus_scaphoides_2","Haynes Creek",-113.7,45.8666666666667,11,-8.64200019836426,32.9609985351562
1987,2,"Astragalus_scaphoides_2","Haynes Creek",-113.7,45.8666666666667,11,-5.23700046539307,41.0849990844727
1987,3,"Astragalus_scaphoides_2","Haynes Creek",-113.7,45.8666666666667,11,-3.26800012588501,50.4360008239746
1987,4,"Astragalus_scaphoides_2","Haynes Creek",-113.7,45.8666666666667,11,4.28299999237061,32.8470001220703
1987,5,"Astragalus_scaphoides_2","Haynes Creek",-113.7,45.8666666666667,11,7.42600011825562,98.806999206543
1987,6,"Astragalus_scaphoides_2","Haynes Creek",-113.7,45.8666666666667,11,10.9840002059937,64.0759963989258
1987,7,"Astragalus_scaphoides_2","Haynes Creek",-113.7,45.8666666666667,11,12.5150003433228,70.5039978027344
1987,8,"Astragalus_scaphoides_2","Haynes Creek",-113.7,45.8666666666667,11,11.5440006256104,36.6780014038086
1987,9,"Astragalus_scaphoides_2","Haynes Creek",-113.7,45.8666666666667,11,10.9400005340576,6.44999980926514
1987,10,"Astragalus_scaphoides_2","Haynes Creek",-113.7,45.8666666666667,11,5.43800020217896,3.55900001525879
1987,11,"Astragalus_scaphoides_2","Haynes Creek",-113.7,45.8666666666667,11,-1.17400002479553,29.4419994354248
1987,12,"Astragalus_scaphoides_2","Haynes Creek",-113.7,45.8666666666667,11,-7.0450005531311,69.5080032348633
1988,1,"Astragalus_scaphoides_2","Haynes Creek",-113.7,45.8666666666667,11,-8.3390007019043,59.5369987487793
1988,2,"Astragalus_scaphoides_2","Haynes Creek",-113.7,45.8666666666667,11,-4.93200016021729,53.560001373291
1988,3,"Astragalus_scaphoides_2","Haynes Creek",-113.7,45.8666666666667,11,-3.34300017356873,68.4069976806641
1988,4,"Astragalus_scaphoides_2","Haynes Creek",-113.7,45.8666666666667,11,2.96900010108948,98.0400009155273
1988,5,"Astragalus_scaphoides_2","Haynes Creek",-113.7,45.8666666666667,11,5.79700040817261,93.7779998779297
1988,6,"Astragalus_scaphoides_2","Haynes Creek",-113.7,45.8666666666667,11,12.7960004806519,68.7229995727539
1988,7,"Astragalus_scaphoides_2","Haynes Creek",-113.7,45.8666666666667,11,14.407000541687,5.4520001411438
1988,8,"Astragalus_scaphoides_2","Haynes Creek",-113.7,45.8666666666667,11,14.0390005111694,9.83399963378906
1988,9,"Astragalus_scaphoides_2","Haynes Creek",-113.7,45.8666666666667,11,8.11100006103516,44.1500015258789
1988,10,"Astragalus_scaphoides_2","Haynes Creek",-113.7,45.8666666666667,11,6.76100015640259,29.3360004425049
1988,11,"Astragalus_scaphoides_2","Haynes Creek",-113.7,45.8666666666667,11,-4.35000038146973,94.1869964599609
1988,12,"Astragalus_scaphoides_2","Haynes Creek",-113.7,45.8666666666667,11,-6.27400016784668,39.3860015869141
1989,1,"Astragalus_scaphoides_2","Haynes Creek",-113.7,45.8666666666667,11,-6.39100027084351,79.1080017089844
1989,2,"Astragalus_scaphoides_2","Haynes Creek",-113.7,45.8666666666667,11,-11.0890007019043,42.5029983520508
1989,3,"Astragalus_scaphoides_2","Haynes Creek",-113.7,45.8666666666667,11,-3.23900008201599,96.8669967651367
1989,4,"Astragalus_scaphoides_2","Haynes Creek",-113.7,45.8666666666667,11,1.47800004482269,55.3660011291504
1989,5,"Astragalus_scaphoides_2","Haynes Creek",-113.7,45.8666666666667,11,4.21000003814697,78.9349975585938
1989,6,"Astragalus_scaphoides_2","Haynes Creek",-113.7,45.8666666666667,11,9.75900077819824,50.8699989318848
1989,7,"Astragalus_scaphoides_2","Haynes Creek",-113.7,45.8666666666667,11,15.3430004119873,42.9420013427734
1989,8,"Astragalus_scaphoides_2","Haynes Creek",-113.7,45.8666666666667,11,11.8950004577637,71.1800003051758
1989,9,"Astragalus_scaphoides_2","Haynes Creek",-113.7,45.8666666666667,11,8.69300079345703,12.9949998855591
1989,10,"Astragalus_scaphoides_2","Haynes Creek",-113.7,45.8666666666667,11,2.61200022697449,47.8450012207031
1989,11,"Astragalus_scaphoides_2","Haynes Creek",-113.7,45.8666666666667,11,-2.90800023078918,62.7060012817383
1989,12,"Astragalus_scaphoides_2","Haynes Creek",-113.7,45.8666666666667,11,-6.31900024414062,42.3569984436035
1990,1,"Astragalus_scaphoides_2","Haynes Creek",-113.7,45.8666666666667,11,-6.00800037384033,87.0759963989258
1990,2,"Astragalus_scaphoides_2","Haynes Creek",-113.7,45.8666666666667,11,-8.08800029754639,50.9150009155273
1990,3,"Astragalus_scaphoides_2","Haynes Creek",-113.7,45.8666666666667,11,-2.76600003242493,50.6300010681152
1990,4,"Astragalus_scaphoides_2","Haynes Creek",-113.7,45.8666666666667,11,2.84100008010864,80.1060028076172
1990,5,"Astragalus_scaphoides_2","Haynes Creek",-113.7,45.8666666666667,11,3.67500019073486,103.299003601074
1990,6,"Astragalus_scaphoides_2","Haynes Creek",-113.7,45.8666666666667,11,8.64200019836426,59.5730018615723
1990,7,"Astragalus_scaphoides_2","Haynes Creek",-113.7,45.8666666666667,11,14.3160009384155,31.5100002288818
1990,8,"Astragalus_scaphoides_2","Haynes Creek",-113.7,45.8666666666667,11,13.7990007400513,64.3889999389648
1990,9,"Astragalus_scaphoides_2","Haynes Creek",-113.7,45.8666666666667,11,12.5330009460449,12.2080001831055
1990,10,"Astragalus_scaphoides_2","Haynes Creek",-113.7,45.8666666666667,11,0.968000054359436,63.6910018920898
1990,11,"Astragalus_scaphoides_2","Haynes Creek",-113.7,45.8666666666667,11,-3.27000021934509,62.2729988098145
1990,12,"Astragalus_scaphoides_2","Haynes Creek",-113.7,45.8666666666667,11,-13.443000793457,63.5260009765625
1991,1,"Astragalus_scaphoides_2","Haynes Creek",-113.7,45.8666666666667,11,-9.03400039672852,43.7389984130859
1991,2,"Astragalus_scaphoides_2","Haynes Creek",-113.7,45.8666666666667,11,-2.11700010299683,21.0170001983643
1991,3,"Astragalus_scaphoides_2","Haynes Creek",-113.7,45.8666666666667,11,-4.44000005722046,81.6689987182617
1991,4,"Astragalus_scaphoides_2","Haynes Creek",-113.7,45.8666666666667,11,0.0770000070333481,78.0800018310547
1991,5,"Astragalus_scaphoides_2","Haynes Creek",-113.7,45.8666666666667,11,3.58300018310547,88.6449966430664
1991,6,"Astragalus_scaphoides_2","Haynes Creek",-113.7,45.8666666666667,11,8.17900085449219,85.359001159668
1991,7,"Astragalus_scaphoides_2","Haynes Creek",-113.7,45.8666666666667,11,14.5510005950928,24.382999420166
1991,8,"Astragalus_scaphoides_2","Haynes Creek",-113.7,45.8666666666667,11,15.7180004119873,20.8430004119873
1991,9,"Astragalus_scaphoides_2","Haynes Creek",-113.7,45.8666666666667,11,10.1780004501343,46.9410018920898
1991,10,"Astragalus_scaphoides_2","Haynes Creek",-113.7,45.8666666666667,11,2.47900009155273,21.5860004425049
1991,11,"Astragalus_scaphoides_2","Haynes Creek",-113.7,45.8666666666667,11,-5.74100017547607,109.611000061035
1991,12,"Astragalus_scaphoides_2","Haynes Creek",-113.7,45.8666666666667,11,-6.15900039672852,61.3889999389648
1992,1,"Astragalus_scaphoides_2","Haynes Creek",-113.7,45.8666666666667,11,-6.50900030136108,31.5869998931885
1992,2,"Astragalus_scaphoides_2","Haynes Creek",-113.7,45.8666666666667,11,-2.29100012779236,29.5510005950928
1992,3,"Astragalus_scaphoides_2","Haynes Creek",-113.7,45.8666666666667,11,0.919000029563904,28.6520004272461
1992,4,"Astragalus_scaphoides_2","Haynes Creek",-113.7,45.8666666666667,11,2.66200017929077,78.1019973754883
1992,5,"Astragalus_scaphoides_2","Haynes Creek",-113.7,45.8666666666667,11,7.62600040435791,32.9679985046387
1992,6,"Astragalus_scaphoides_2","Haynes Creek",-113.7,45.8666666666667,11,11.6650009155273,65.6669998168945
1992,7,"Astragalus_scaphoides_2","Haynes Creek",-113.7,45.8666666666667,11,11.3890008926392,55.6539993286133
1992,8,"Astragalus_scaphoides_2","Haynes Creek",-113.7,45.8666666666667,11,13.4040002822876,15.5050001144409
1992,9,"Astragalus_scaphoides_2","Haynes Creek",-113.7,45.8666666666667,11,7.57200050354004,47.7869987487793
1992,10,"Astragalus_scaphoides_2","Haynes Creek",-113.7,45.8666666666667,11,4.57100009918213,41.0130004882812
1992,11,"Astragalus_scaphoides_2","Haynes Creek",-113.7,45.8666666666667,11,-5.80700016021729,60.757999420166
1992,12,"Astragalus_scaphoides_2","Haynes Creek",-113.7,45.8666666666667,11,-9.74000072479248,69.0609970092773
1993,1,"Astragalus_scaphoides_2","Haynes Creek",-113.7,45.8666666666667,11,-10.2000007629395,49.0250015258789
1993,2,"Astragalus_scaphoides_2","Haynes Creek",-113.7,45.8666666666667,11,-8.44500064849854,38.9720001220703
1993,3,"Astragalus_scaphoides_2","Haynes Creek",-113.7,45.8666666666667,11,-1.27900004386902,58.8849983215332
1993,4,"Astragalus_scaphoides_2","Haynes Creek",-113.7,45.8666666666667,11,-0.154000014066696,97.8310012817383
1993,5,"Astragalus_scaphoides_2","Haynes Creek",-113.7,45.8666666666667,11,7.57600021362305,64.8759994506836
1993,6,"Astragalus_scaphoides_2","Haynes Creek",-113.7,45.8666666666667,11,7.62200021743774,130.266998291016
1993,7,"Astragalus_scaphoides_2","Haynes Creek",-113.7,45.8666666666667,11,8.528000831604,96.8209991455078
1993,8,"Astragalus_scaphoides_2","Haynes Creek",-113.7,45.8666666666667,11,10.6220006942749,101.491996765137
1993,9,"Astragalus_scaphoides_2","Haynes Creek",-113.7,45.8666666666667,11,7.79800033569336,20.9179992675781
1993,10,"Astragalus_scaphoides_2","Haynes Creek",-113.7,45.8666666666667,11,3.76500010490417,50.435001373291
1993,11,"Astragalus_scaphoides_2","Haynes Creek",-113.7,45.8666666666667,11,-6.03900051116943,27.4780006408691
1993,12,"Astragalus_scaphoides_2","Haynes Creek",-113.7,45.8666666666667,11,-5.83700037002563,36.5050010681152
1994,1,"Astragalus_scaphoides_2","Haynes Creek",-113.7,45.8666666666667,11,-5.26000022888184,43.5190010070801
1994,2,"Astragalus_scaphoides_2","Haynes Creek",-113.7,45.8666666666667,11,-8.38600063323975,45.0260009765625
1994,3,"Astragalus_scaphoides_2","Haynes Creek",-113.7,45.8666666666667,11,-2.24400019645691,35.4749984741211
1994,4,"Astragalus_scaphoides_2","Haynes Creek",-113.7,45.8666666666667,11,2.2260000705719,66.2799987792969
1994,5,"Astragalus_scaphoides_2","Haynes Creek",-113.7,45.8666666666667,11,6.8730001449585,81.9369964599609
1994,6,"Astragalus_scaphoides_2","Haynes Creek",-113.7,45.8666666666667,11,9.63600063323975,67.1600036621094
1994,7,"Astragalus_scaphoides_2","Haynes Creek",-113.7,45.8666666666667,11,14.3440008163452,47.8660011291504
1994,8,"Astragalus_scaphoides_2","Haynes Creek",-113.7,45.8666666666667,11,15.452000617981,14.5970001220703
1994,9,"Astragalus_scaphoides_2","Haynes Creek",-113.7,45.8666666666667,11,11.2190008163452,17.125
1994,10,"Astragalus_scaphoides_2","Haynes Creek",-113.7,45.8666666666667,11,1.68700003623962,71.6009979248047
1994,11,"Astragalus_scaphoides_2","Haynes Creek",-113.7,45.8666666666667,11,-7.50300025939941,74.9929962158203
1994,12,"Astragalus_scaphoides_2","Haynes Creek",-113.7,45.8666666666667,11,-7.0450005531311,43.0789985656738
1995,1,"Astragalus_scaphoides_2","Haynes Creek",-113.7,45.8666666666667,11,-7.11400032043457,44.673999786377
1995,2,"Astragalus_scaphoides_2","Haynes Creek",-113.7,45.8666666666667,11,-4.07600021362305,56.4889984130859
1995,3,"Astragalus_scaphoides_2","Haynes Creek",-113.7,45.8666666666667,11,-3.99000024795532,60.7649993896484
1995,4,"Astragalus_scaphoides_2","Haynes Creek",-113.7,45.8666666666667,11,-0.158000007271767,85.5589981079102
1995,5,"Astragalus_scaphoides_2","Haynes Creek",-113.7,45.8666666666667,11,4.61800003051758,101.893997192383
1995,6,"Astragalus_scaphoides_2","Haynes Creek",-113.7,45.8666666666667,11,8.28900051116943,80.7649993896484
1995,7,"Astragalus_scaphoides_2","Haynes Creek",-113.7,45.8666666666667,11,12.9180002212524,70.75
1995,8,"Astragalus_scaphoides_2","Haynes Creek",-113.7,45.8666666666667,11,12.7950010299683,21.0960006713867
1995,9,"Astragalus_scaphoides_2","Haynes Creek",-113.7,45.8666666666667,11,9.60400009155273,37.9199981689453
1995,10,"Astragalus_scaphoides_2","Haynes Creek",-113.7,45.8666666666667,11,0.545000016689301,60.0620002746582
1995,11,"Astragalus_scaphoides_2","Haynes Creek",-113.7,45.8666666666667,11,-2.91800022125244,125.805000305176
1995,12,"Astragalus_scaphoides_2","Haynes Creek",-113.7,45.8666666666667,11,-6.93600034713745,81.5490036010742
1996,1,"Astragalus_scaphoides_2","Haynes Creek",-113.7,45.8666666666667,11,-8.53700065612793,90.9599990844727
1996,2,"Astragalus_scaphoides_2","Haynes Creek",-113.7,45.8666666666667,11,-7.05600023269653,79.9309997558594
1996,3,"Astragalus_scaphoides_2","Haynes Creek",-113.7,45.8666666666667,11,-4.08700037002563,42.5050010681152
1996,4,"Astragalus_scaphoides_2","Haynes Creek",-113.7,45.8666666666667,11,1.1010000705719,96.8639984130859
1996,5,"Astragalus_scaphoides_2","Haynes Creek",-113.7,45.8666666666667,11,2.8730001449585,106.793998718262
1996,6,"Astragalus_scaphoides_2","Haynes Creek",-113.7,45.8666666666667,11,9.69200038909912,37.257999420166
1996,7,"Astragalus_scaphoides_2","Haynes Creek",-113.7,45.8666666666667,11,14.9590005874634,12.9589996337891
1996,8,"Astragalus_scaphoides_2","Haynes Creek",-113.7,45.8666666666667,11,13.7520008087158,38.5270004272461
1996,9,"Astragalus_scaphoides_2","Haynes Creek",-113.7,45.8666666666667,11,7.09500026702881,40.0830001831055
1996,10,"Astragalus_scaphoides_2","Haynes Creek",-113.7,45.8666666666667,11,2.10500001907349,45.1549987792969
1996,11,"Astragalus_scaphoides_2","Haynes Creek",-113.7,45.8666666666667,11,-3.71400022506714,79.4909973144531
1996,12,"Astragalus_scaphoides_2","Haynes Creek",-113.7,45.8666666666667,11,-8.01700019836426,165.091003417969
1997,1,"Astragalus_scaphoides_2","Haynes Creek",-113.7,45.8666666666667,11,-8.05600070953369,99.9280014038086
1997,2,"Astragalus_scaphoides_2","Haynes Creek",-113.7,45.8666666666667,11,-6.33000040054321,65.1169967651367
1997,3,"Astragalus_scaphoides_2","Haynes Creek",-113.7,45.8666666666667,11,-3.48400020599365,87.3199996948242
1997,4,"Astragalus_scaphoides_2","Haynes Creek",-113.7,45.8666666666667,11,-1.53500008583069,94.7470016479492
1997,5,"Astragalus_scaphoides_2","Haynes Creek",-113.7,45.8666666666667,11,6.58800029754639,61.4630012512207
1997,6,"Astragalus_scaphoides_2","Haynes Creek",-113.7,45.8666666666667,11,9.82200050354004,87.1190032958984
1997,7,"Astragalus_scaphoides_2","Haynes Creek",-113.7,45.8666666666667,11,12.8030004501343,67.9189987182617
1997,8,"Astragalus_scaphoides_2","Haynes Creek",-113.7,45.8666666666667,11,13.8070011138916,48.1450004577637
1997,9,"Astragalus_scaphoides_2","Haynes Creek",-113.7,45.8666666666667,11,10.077000617981,53.3699989318848
1997,10,"Astragalus_scaphoides_2","Haynes Creek",-113.7,45.8666666666667,11,1.96000003814697,75.1100006103516
1997,11,"Astragalus_scaphoides_2","Haynes Creek",-113.7,45.8666666666667,11,-3.48900008201599,51.2050018310547
1997,12,"Astragalus_scaphoides_2","Haynes Creek",-113.7,45.8666666666667,11,-7.74000024795532,25.4799995422363
1998,1,"Astragalus_scaphoides_2","Haynes Creek",-113.7,45.8666666666667,11,-6.56700038909912,74.2070007324219
1998,2,"Astragalus_scaphoides_2","Haynes Creek",-113.7,45.8666666666667,11,-5.32400035858154,29.3229999542236
1998,3,"Astragalus_scaphoides_2","Haynes Creek",-113.7,45.8666666666667,11,-3.26900005340576,51.3930015563965
1998,4,"Astragalus_scaphoides_2","Haynes Creek",-113.7,45.8666666666667,11,1.20800006389618,95.484001159668
1998,5,"Astragalus_scaphoides_2","Haynes Creek",-113.7,45.8666666666667,11,6.3250002861023,96.818000793457
1998,6,"Astragalus_scaphoides_2","Haynes Creek",-113.7,45.8666666666667,11,7.21400022506714,134.522003173828
1998,7,"Astragalus_scaphoides_2","Haynes Creek",-113.7,45.8666666666667,11,16.367000579834,61.5250015258789
1998,8,"Astragalus_scaphoides_2","Haynes Creek",-113.7,45.8666666666667,11,15.4870004653931,17.8330001831055
1998,9,"Astragalus_scaphoides_2","Haynes Creek",-113.7,45.8666666666667,11,12.2410001754761,45.1520004272461
1998,10,"Astragalus_scaphoides_2","Haynes Creek",-113.7,45.8666666666667,11,3.00300025939941,26.5389995574951
1998,11,"Astragalus_scaphoides_2","Haynes Creek",-113.7,45.8666666666667,11,-2.45500016212463,84.0390014648438
1998,12,"Astragalus_scaphoides_2","Haynes Creek",-113.7,45.8666666666667,11,-8.85400009155273,92.4929962158203
1999,1,"Astragalus_scaphoides_2","Haynes Creek",-113.7,45.8666666666667,11,-5.60700035095215,74.536003112793
1999,2,"Astragalus_scaphoides_2","Haynes Creek",-113.7,45.8666666666667,11,-6.00900030136108,76.1490020751953
1999,3,"Astragalus_scaphoides_2","Haynes Creek",-113.7,45.8666666666667,11,-2.54400014877319,59.1870002746582
1999,4,"Astragalus_scaphoides_2","Haynes Creek",-113.7,45.8666666666667,11,-0.686000049114227,43.7529983520508
1999,5,"Astragalus_scaphoides_2","Haynes Creek",-113.7,45.8666666666667,11,4.08900022506714,73.536003112793
1999,6,"Astragalus_scaphoides_2","Haynes Creek",-113.7,45.8666666666667,11,8.4950008392334,77.1719970703125
1999,7,"Astragalus_scaphoides_2","Haynes Creek",-113.7,45.8666666666667,11,13.076000213623,12.0469999313354
1999,8,"Astragalus_scaphoides_2","Haynes Creek",-113.7,45.8666666666667,11,14.9820003509521,51.3530006408691
1999,9,"Astragalus_scaphoides_2","Haynes Creek",-113.7,45.8666666666667,11,7.9520001411438,27.7199993133545
1999,10,"Astragalus_scaphoides_2","Haynes Creek",-113.7,45.8666666666667,11,4.54400014877319,23.8490009307861
1999,11,"Astragalus_scaphoides_2","Haynes Creek",-113.7,45.8666666666667,11,0.359000027179718,51.3450012207031
1999,12,"Astragalus_scaphoides_2","Haynes Creek",-113.7,45.8666666666667,11,-5.139000415802,68.1709976196289
2000,1,"Astragalus_scaphoides_2","Haynes Creek",-113.7,45.8666666666667,11,-6.75400018692017,74.3659973144531
2000,2,"Astragalus_scaphoides_2","Haynes Creek",-113.7,45.8666666666667,11,-3.86600017547607,58.4059982299805
2000,3,"Astragalus_scaphoides_2","Haynes Creek",-113.7,45.8666666666667,11,-2.18600010871887,38.0449981689453
2000,4,"Astragalus_scaphoides_2","Haynes Creek",-113.7,45.8666666666667,11,2.85900020599365,38.1829986572266
2000,5,"Astragalus_scaphoides_2","Haynes Creek",-113.7,45.8666666666667,11,5.53500032424927,69.3710021972656
2000,6,"Astragalus_scaphoides_2","Haynes Creek",-113.7,45.8666666666667,11,9.89100074768066,56.9410018920898
2000,7,"Astragalus_scaphoides_2","Haynes Creek",-113.7,45.8666666666667,11,14.9780006408691,13.9219999313354
2000,8,"Astragalus_scaphoides_2","Haynes Creek",-113.7,45.8666666666667,11,15.1590003967285,17.4990005493164
2000,9,"Astragalus_scaphoides_2","Haynes Creek",-113.7,45.8666666666667,11,7.96500015258789,73.8349990844727
2000,10,"Astragalus_scaphoides_2","Haynes Creek",-113.7,45.8666666666667,11,3.25000023841858,68.6269989013672
2000,11,"Astragalus_scaphoides_2","Haynes Creek",-113.7,45.8666666666667,11,-7.17600011825562,34.9959983825684
2000,12,"Astragalus_scaphoides_2","Haynes Creek",-113.7,45.8666666666667,11,-7.14900016784668,41.757999420166
2001,1,"Astragalus_scaphoides_2","Haynes Creek",-113.7,45.8666666666667,11,-6.12400007247925,20.0459995269775
2001,2,"Astragalus_scaphoides_2","Haynes Creek",-113.7,45.8666666666667,11,-7.0770001411438,41.1879997253418
2001,3,"Astragalus_scaphoides_2","Haynes Creek",-113.7,45.8666666666667,11,-1.61100006103516,42.9160003662109
2001,4,"Astragalus_scaphoides_2","Haynes Creek",-113.7,45.8666666666667,11,-0.110000006854534,90.5970001220703
2001,5,"Astragalus_scaphoides_2","Haynes Creek",-113.7,45.8666666666667,11,6.73700046539307,47.4609985351562
2001,6,"Astragalus_scaphoides_2","Haynes Creek",-113.7,45.8666666666667,11,9.54200077056885,101.068000793457
2001,7,"Astragalus_scaphoides_2","Haynes Creek",-113.7,45.8666666666667,11,15.0440006256104,79.0289993286133
2001,8,"Astragalus_scaphoides_2","Haynes Creek",-113.7,45.8666666666667,11,15.7080011367798,7.48699998855591
2001,9,"Astragalus_scaphoides_2","Haynes Creek",-113.7,45.8666666666667,11,11.7880001068115,25.242000579834
2001,10,"Astragalus_scaphoides_2","Haynes Creek",-113.7,45.8666666666667,11,2.9850001335144,59.6749992370605
2001,11,"Astragalus_scaphoides_2","Haynes Creek",-113.7,45.8666666666667,11,0.0110000008717179,29.0160007476807
2001,12,"Astragalus_scaphoides_2","Haynes Creek",-113.7,45.8666666666667,11,-7.62100028991699,53.9799995422363
2002,1,"Astragalus_scaphoides_2","Haynes Creek",-113.7,45.8666666666667,11,-7.47200012207031,55.1520004272461
2002,2,"Astragalus_scaphoides_2","Haynes Creek",-113.7,45.8666666666667,11,-6.05400037765503,29.6959991455078
2002,3,"Astragalus_scaphoides_2","Haynes Creek",-113.7,45.8666666666667,11,-5.54300022125244,69.8450012207031
2002,4,"Astragalus_scaphoides_2","Haynes Creek",-113.7,45.8666666666667,11,0.0150000005960464,60.8800010681152
2002,5,"Astragalus_scaphoides_2","Haynes Creek",-113.7,45.8666666666667,11,4.29200029373169,79.7350006103516
2002,6,"Astragalus_scaphoides_2","Haynes Creek",-113.7,45.8666666666667,11,10.5290002822876,81.4580001831055
2002,7,"Astragalus_scaphoides_2","Haynes Creek",-113.7,45.8666666666667,11,16.8819999694824,41.6080017089844
2002,8,"Astragalus_scaphoides_2","Haynes Creek",-113.7,45.8666666666667,11,11.488000869751,52.0999984741211
2002,9,"Astragalus_scaphoides_2","Haynes Creek",-113.7,45.8666666666667,11,9.76200008392334,29.4130001068115
2002,10,"Astragalus_scaphoides_2","Haynes Creek",-113.7,45.8666666666667,11,1.09800004959106,14.9069995880127
2002,11,"Astragalus_scaphoides_2","Haynes Creek",-113.7,45.8666666666667,11,-1.95300006866455,38.693000793457
2002,12,"Astragalus_scaphoides_2","Haynes Creek",-113.7,45.8666666666667,11,-3.92900013923645,46.7550010681152
2003,1,"Astragalus_scaphoides_2","Haynes Creek",-113.7,45.8666666666667,11,-2.76300024986267,79.5849990844727
2003,2,"Astragalus_scaphoides_2","Haynes Creek",-113.7,45.8666666666667,11,-5.99400043487549,88.7369995117188
2003,3,"Astragalus_scaphoides_2","Haynes Creek",-113.7,45.8666666666667,11,-2.20100021362305,106.484001159668
2003,4,"Astragalus_scaphoides_2","Haynes Creek",-113.7,45.8666666666667,11,1.43700003623962,102.550003051758
2003,5,"Astragalus_scaphoides_2","Haynes Creek",-113.7,45.8666666666667,11,5.08400011062622,83.1029968261719
2003,6,"Astragalus_scaphoides_2","Haynes Creek",-113.7,45.8666666666667,11,10.2540006637573,41.2799987792969
2003,7,"Astragalus_scaphoides_2","Haynes Creek",-113.7,45.8666666666667,11,17.3530006408691,16.1620006561279
2003,8,"Astragalus_scaphoides_2","Haynes Creek",-113.7,45.8666666666667,11,16.4830017089844,35.0750007629395
2003,9,"Astragalus_scaphoides_2","Haynes Creek",-113.7,45.8666666666667,11,10.1230001449585,21.5669994354248
2003,10,"Astragalus_scaphoides_2","Haynes Creek",-113.7,45.8666666666667,11,6.13200044631958,36.4119987487793
2003,11,"Astragalus_scaphoides_2","Haynes Creek",-113.7,45.8666666666667,11,-6.14200019836426,70.6289978027344
2003,12,"Astragalus_scaphoides_2","Haynes Creek",-113.7,45.8666666666667,11,-4.96900033950806,75.3050003051758
2004,1,"Astragalus_scaphoides_2","Haynes Creek",-113.7,45.8666666666667,11,-6.57800054550171,47.6570014953613
2004,2,"Astragalus_scaphoides_2","Haynes Creek",-113.7,45.8666666666667,11,-4.70100021362305,45.8730010986328
2004,3,"Astragalus_scaphoides_2","Haynes Creek",-113.7,45.8666666666667,11,0.194000005722046,38.7080001831055
2004,4,"Astragalus_scaphoides_2","Haynes Creek",-113.7,45.8666666666667,11,2.49500012397766,48.6870002746582
2004,5,"Astragalus_scaphoides_2","Haynes Creek",-113.7,45.8666666666667,11,4.4980001449585,111.125
2004,6,"Astragalus_scaphoides_2","Haynes Creek",-113.7,45.8666666666667,11,9.77600002288818,48.0019989013672
2004,7,"Astragalus_scaphoides_2","Haynes Creek",-113.7,45.8666666666667,11,15.4220008850098,39.8370018005371
2004,8,"Astragalus_scaphoides_2","Haynes Creek",-113.7,45.8666666666667,11,14.0630006790161,107.897003173828
2004,9,"Astragalus_scaphoides_2","Haynes Creek",-113.7,45.8666666666667,11,7.8870005607605,85.8939971923828
2004,10,"Astragalus_scaphoides_2","Haynes Creek",-113.7,45.8666666666667,11,3.72300028800964,24.1660003662109
2004,11,"Astragalus_scaphoides_2","Haynes Creek",-113.7,45.8666666666667,11,-2.26600003242493,30.6299991607666
2004,12,"Astragalus_scaphoides_2","Haynes Creek",-113.7,45.8666666666667,11,-4.87400007247925,53.0639991760254
2005,1,"Astragalus_scaphoides_2","Haynes Creek",-113.7,45.8666666666667,11,-5.47600030899048,36.7350006103516
2005,2,"Astragalus_scaphoides_2","Haynes Creek",-113.7,45.8666666666667,11,-4.04700040817261,15.2360000610352
2005,3,"Astragalus_scaphoides_2","Haynes Creek",-113.7,45.8666666666667,11,-1.66000008583069,51.5820007324219
2005,4,"Astragalus_scaphoides_2","Haynes Creek",-113.7,45.8666666666667,11,0.889000058174133,79.6360015869141
2005,5,"Astragalus_scaphoides_2","Haynes Creek",-113.7,45.8666666666667,11,5.47500038146973,93.4749984741211
2005,6,"Astragalus_scaphoides_2","Haynes Creek",-113.7,45.8666666666667,11,8.31500053405762,124.371002197266
2005,7,"Astragalus_scaphoides_2","Haynes Creek",-113.7,45.8666666666667,11,14.5530004501343,22.2099990844727
2005,8,"Astragalus_scaphoides_2","Haynes Creek",-113.7,45.8666666666667,11,14.3890008926392,28.2889995574951
2005,9,"Astragalus_scaphoides_2","Haynes Creek",-113.7,45.8666666666667,11,8.63800048828125,61.7350006103516
2005,10,"Astragalus_scaphoides_2","Haynes Creek",-113.7,45.8666666666667,11,5.07900047302246,35.2130012512207
2005,11,"Astragalus_scaphoides_2","Haynes Creek",-113.7,45.8666666666667,11,-2.72700023651123,97.9000015258789
2005,12,"Astragalus_scaphoides_2","Haynes Creek",-113.7,45.8666666666667,11,-6.59400033950806,75.9749984741211
2006,1,"Astragalus_scaphoides_2","Haynes Creek",-113.7,45.8666666666667,11,-3.69400024414062,79.879997253418
2006,2,"Astragalus_scaphoides_2","Haynes Creek",-113.7,45.8666666666667,11,-7.39900016784668,50.0400009155273
2006,3,"Astragalus_scaphoides_2","Haynes Creek",-113.7,45.8666666666667,11,-3.22800016403198,54.9710006713867
2006,4,"Astragalus_scaphoides_2","Haynes Creek",-113.7,45.8666666666667,11,1.96200013160706,87.5350036621094
2006,5,"Astragalus_scaphoides_2","Haynes Creek",-113.7,45.8666666666667,11,6.48400020599365,48.3009986877441
2006,6,"Astragalus_scaphoides_2","Haynes Creek",-113.7,45.8666666666667,11,12.0710000991821,62.7540016174316
2006,7,"Astragalus_scaphoides_2","Haynes Creek",-113.7,45.8666666666667,11,17.5250015258789,24.3719997406006
2006,8,"Astragalus_scaphoides_2","Haynes Creek",-113.7,45.8666666666667,11,13.7540006637573,14.0380001068115
2006,9,"Astragalus_scaphoides_2","Haynes Creek",-113.7,45.8666666666667,11,9.19900035858154,26.617000579834
2006,10,"Astragalus_scaphoides_2","Haynes Creek",-113.7,45.8666666666667,11,3.2240002155304,58.8190002441406
2006,11,"Astragalus_scaphoides_2","Haynes Creek",-113.7,45.8666666666667,11,-3.26800012588501,84.8320007324219
2006,12,"Astragalus_scaphoides_2","Haynes Creek",-113.7,45.8666666666667,11,-5.21500015258789,68.1029968261719
2007,1,"Astragalus_scaphoides_2","Haynes Creek",-113.7,45.8666666666667,11,-7.64300012588501,42.6800003051758
2007,2,"Astragalus_scaphoides_2","Haynes Creek",-113.7,45.8666666666667,11,-4.17600011825562,69.3280029296875
2007,3,"Astragalus_scaphoides_2","Haynes Creek",-113.7,45.8666666666667,11,0.051000002771616,49.523998260498
2007,4,"Astragalus_scaphoides_2","Haynes Creek",-113.7,45.8666666666667,11,1.55300009250641,71.447998046875
2007,5,"Astragalus_scaphoides_2","Haynes Creek",-113.7,45.8666666666667,11,6.85400009155273,111.772003173828
2007,6,"Astragalus_scaphoides_2","Haynes Creek",-113.7,45.8666666666667,11,11.3140001296997,69.0179977416992
2007,7,"Astragalus_scaphoides_2","Haynes Creek",-113.7,45.8666666666667,11,18.8000011444092,20.7269992828369
2007,8,"Astragalus_scaphoides_2","Haynes Creek",-113.7,45.8666666666667,11,14.9420003890991,14.423999786377
2007,9,"Astragalus_scaphoides_2","Haynes Creek",-113.7,45.8666666666667,11,9.45200061798096,81.3099975585938
2007,10,"Astragalus_scaphoides_2","Haynes Creek",-113.7,45.8666666666667,11,3.14200019836426,73.7590026855469
2007,11,"Astragalus_scaphoides_2","Haynes Creek",-113.7,45.8666666666667,11,-1.91900014877319,62.4360008239746
2007,12,"Astragalus_scaphoides_2","Haynes Creek",-113.7,45.8666666666667,11,-8.14800071716309,86.3030014038086
2008,1,"Astragalus_scaphoides_2","Haynes Creek",-113.7,45.8666666666667,11,-8.38199996948242,61.0800018310547
2008,2,"Astragalus_scaphoides_2","Haynes Creek",-113.7,45.8666666666667,11,-4.70600032806396,81.0930023193359
2008,3,"Astragalus_scaphoides_2","Haynes Creek",-113.7,45.8666666666667,11,-4.64900016784668,55.5730018615723
2008,4,"Astragalus_scaphoides_2","Haynes Creek",-113.7,45.8666666666667,11,-1.81400012969971,62.4269981384277
2008,5,"Astragalus_scaphoides_2","Haynes Creek",-113.7,45.8666666666667,11,4.66700029373169,73.8379974365234
2008,6,"Astragalus_scaphoides_2","Haynes Creek",-113.7,45.8666666666667,11,8.74900054931641,108.525001525879
2008,7,"Astragalus_scaphoides_2","Haynes Creek",-113.7,45.8666666666667,11,14.617000579834,28.44700050354
2008,8,"Astragalus_scaphoides_2","Haynes Creek",-113.7,45.8666666666667,11,14.0070009231567,34.640998840332
2008,9,"Astragalus_scaphoides_2","Haynes Creek",-113.7,45.8666666666667,11,8.41700077056885,71.1839981079102
2008,10,"Astragalus_scaphoides_2","Haynes Creek",-113.7,45.8666666666667,11,3.75400018692017,44.1500015258789
2008,11,"Astragalus_scaphoides_2","Haynes Creek",-113.7,45.8666666666667,11,0.271000027656555,82.0869979858398
2008,12,"Astragalus_scaphoides_2","Haynes Creek",-113.7,45.8666666666667,11,-8.4660005569458,89.6340026855469
2009,1,"Astragalus_scaphoides_2","Haynes Creek",-113.7,45.8666666666667,11,-5.51500034332275,84.0540008544922
2009,2,"Astragalus_scaphoides_2","Haynes Creek",-113.7,45.8666666666667,11,-3.65700006484985,26.2779998779297
2009,3,"Astragalus_scaphoides_2","Haynes Creek",-113.7,45.8666666666667,11,-4.4830002784729,115.958999633789
2009,4,"Astragalus_scaphoides_2","Haynes Creek",-113.7,45.8666666666667,11,0.24600000679493,59.6749992370605
2009,5,"Astragalus_scaphoides_2","Haynes Creek",-113.7,45.8666666666667,11,5.68200016021729,78.4199981689453
2009,6,"Astragalus_scaphoides_2","Haynes Creek",-113.7,45.8666666666667,11,9.28400039672852,87.7060012817383
2009,7,"Astragalus_scaphoides_2","Haynes Creek",-113.7,45.8666666666667,11,14.0630006790161,53.0849990844727
2009,8,"Astragalus_scaphoides_2","Haynes Creek",-113.7,45.8666666666667,11,13.6840009689331,68.5189971923828
2009,9,"Astragalus_scaphoides_2","Haynes Creek",-113.7,45.8666666666667,11,12.8070001602173,12.0909996032715
2009,10,"Astragalus_scaphoides_2","Haynes Creek",-113.7,45.8666666666667,11,-0.674000024795532,62.7589988708496
2009,11,"Astragalus_scaphoides_2","Haynes Creek",-113.7,45.8666666666667,11,-1.76300013065338,37.4799995422363
2009,12,"Astragalus_scaphoides_2","Haynes Creek",-113.7,45.8666666666667,11,-9.21100044250488,27.2129993438721
2010,1,"Astragalus_scaphoides_2","Haynes Creek",-113.7,45.8666666666667,11,-3.35300016403198,41.0849990844727
2010,2,"Astragalus_scaphoides_2","Haynes Creek",-113.7,45.8666666666667,11,-4.50900030136108,23.2719993591309
2010,3,"Astragalus_scaphoides_2","Haynes Creek",-113.7,45.8666666666667,11,-0.733000040054321,59.234001159668
2010,4,"Astragalus_scaphoides_2","Haynes Creek",-113.7,45.8666666666667,11,0.835000038146973,70.1370010375977
2010,5,"Astragalus_scaphoides_2","Haynes Creek",-113.7,45.8666666666667,11,2.55700016021729,101.930999755859
2010,6,"Astragalus_scaphoides_2","Haynes Creek",-113.7,45.8666666666667,11,8.70400047302246,135.570999145508
2010,7,"Astragalus_scaphoides_2","Haynes Creek",-113.7,45.8666666666667,11,13.4870004653931,15.668999671936
2010,8,"Astragalus_scaphoides_2","Haynes Creek",-113.7,45.8666666666667,11,13.8050003051758,47.6040000915527
2010,9,"Astragalus_scaphoides_2","Haynes Creek",-113.7,45.8666666666667,11,10.2660007476807,50.3720016479492
2010,10,"Astragalus_scaphoides_2","Haynes Creek",-113.7,45.8666666666667,11,6.19300031661987,46.1269989013672
2010,11,"Astragalus_scaphoides_2","Haynes Creek",-113.7,45.8666666666667,11,-3.91800022125244,78.3659973144531
2010,12,"Astragalus_scaphoides_2","Haynes Creek",-113.7,45.8666666666667,11,-5.14100027084351,76.0820007324219
2011,1,"Astragalus_scaphoides_2","Haynes Creek",-113.7,45.8666666666667,11,-5.80200004577637,85.3430023193359
2011,2,"Astragalus_scaphoides_2","Haynes Creek",-113.7,45.8666666666667,11,-8.08300018310547,54.5830001831055
2011,3,"Astragalus_scaphoides_2","Haynes Creek",-113.7,45.8666666666667,11,-3.10500025749207,76.8580017089844
2011,4,"Astragalus_scaphoides_2","Haynes Creek",-113.7,45.8666666666667,11,-2.05700016021729,124.783996582031
2011,5,"Astragalus_scaphoides_2","Haynes Creek",-113.7,45.8666666666667,11,3.62500023841858,115.127998352051
2011,6,"Astragalus_scaphoides_2","Haynes Creek",-113.7,45.8666666666667,11,7.90700054168701,98.4660034179688
2011,7,"Astragalus_scaphoides_2","Haynes Creek",-113.7,45.8666666666667,11,14.4730005264282,22.7269992828369
2011,8,"Astragalus_scaphoides_2","Haynes Creek",-113.7,45.8666666666667,11,15.3880004882812,15.2340002059937
2011,9,"Astragalus_scaphoides_2","Haynes Creek",-113.7,45.8666666666667,11,11.9840002059937,13.8669996261597
2011,10,"Astragalus_scaphoides_2","Haynes Creek",-113.7,45.8666666666667,11,4.39000034332275,75.806999206543
2011,11,"Astragalus_scaphoides_2","Haynes Creek",-113.7,45.8666666666667,11,-4.26800012588501,62
2011,12,"Astragalus_scaphoides_2","Haynes Creek",-113.7,45.8666666666667,11,-5.42200040817261,60.9609985351562
2012,1,"Astragalus_scaphoides_2","Haynes Creek",-113.7,45.8666666666667,11,-5.15300035476685,80.1080017089844
2012,2,"Astragalus_scaphoides_2","Haynes Creek",-113.7,45.8666666666667,11,-5.23900032043457,56.3009986877441
2012,3,"Astragalus_scaphoides_2","Haynes Creek",-113.7,45.8666666666667,11,-1.10900008678436,87.5299987792969
2012,4,"Astragalus_scaphoides_2","Haynes Creek",-113.7,45.8666666666667,11,2.9980001449585,53.7080001831055
2012,5,"Astragalus_scaphoides_2","Haynes Creek",-113.7,45.8666666666667,11,4.77100038528442,82.967399597168
2012,6,"Astragalus_scaphoides_2","Haynes Creek",-113.7,45.8666666666667,11,9.62600040435791,46.8289985656738
2012,7,"Astragalus_scaphoides_2","Haynes Creek",-113.7,45.8666666666667,11,16.5100002288818,28.2889995574951
2012,8,"Astragalus_scaphoides_2","Haynes Creek",-113.7,45.8666666666667,11,15.7600011825562,5.87599992752075
2012,9,"Astragalus_scaphoides_2","Haynes Creek",-113.7,45.8666666666667,11,12.0820007324219,1.9650000333786
2012,10,"Astragalus_scaphoides_2","Haynes Creek",-113.7,45.8666666666667,11,2.8600001335144,60.1640014648438
2012,11,"Astragalus_scaphoides_2","Haynes Creek",-113.7,45.8666666666667,11,-1.02700006961823,52.4630012512207
2012,12,"Astragalus_scaphoides_2","Haynes Creek",-113.7,45.8666666666667,11,-6.3270001411438,78.4870986938477
2013,1,"Astragalus_scaphoides_2","Haynes Creek",-113.7,45.8666666666667,11,-5.3430004119873,54.9640007019043
2013,2,"Astragalus_scaphoides_2","Haynes Creek",-113.7,45.8666666666667,11,-5.0930004119873,28.3090000152588
2013,3,"Astragalus_scaphoides_2","Haynes Creek",-113.7,45.8666666666667,11,-2.2240002155304,46.3769989013672
2013,4,"Astragalus_scaphoides_2","Haynes Creek",-113.7,45.8666666666667,11,-0.207000017166138,50.818000793457
2013,5,"Astragalus_scaphoides_2","Haynes Creek",-113.7,45.8666666666667,11,6.46500015258789,58.8440017700195
2013,6,"Astragalus_scaphoides_2","Haynes Creek",-113.7,45.8666666666667,11,10.6360006332397,63.9809989929199
2013,7,"Astragalus_scaphoides_2","Haynes Creek",-113.7,45.8666666666667,11,16.726001739502,15.0299997329712
2013,8,"Astragalus_scaphoides_2","Haynes Creek",-113.7,45.8666666666667,11,15.8660011291504,30.6049995422363
2013,9,"Astragalus_scaphoides_2","Haynes Creek",-113.7,45.8666666666667,11,10.6650009155273,86.6920013427734
2013,10,"Astragalus_scaphoides_2","Haynes Creek",-113.7,45.8666666666667,11,2.41700005531311,37.7639999389648
2013,11,"Astragalus_scaphoides_2","Haynes Creek",-113.7,45.8666666666667,11,-1.49400007724762,42.8380012512207
2013,12,"Astragalus_scaphoides_2","Haynes Creek",-113.7,45.8666666666667,11,-7.89100027084351,59.2449989318848
1981,1,"Astragalus_scaphoides_2","McDevitt Creek",-113.7,45.8666666666667,11,-3.4370002746582,19.2199993133545
1981,2,"Astragalus_scaphoides_2","McDevitt Creek",-113.7,45.8666666666667,11,-4.70300006866455,62.0190010070801
1981,3,"Astragalus_scaphoides_2","McDevitt Creek",-113.7,45.8666666666667,11,-0.964000046253204,52.6640014648438
1981,4,"Astragalus_scaphoides_2","McDevitt Creek",-113.7,45.8666666666667,11,1.04100000858307,61.1730003356934
1981,5,"Astragalus_scaphoides_2","McDevitt Creek",-113.7,45.8666666666667,11,5.22400045394897,147.100006103516
1981,6,"Astragalus_scaphoides_2","McDevitt Creek",-113.7,45.8666666666667,11,8.19000053405762,120.285003662109
1981,7,"Astragalus_scaphoides_2","McDevitt Creek",-113.7,45.8666666666667,11,13.3480005264282,35.4090003967285
1981,8,"Astragalus_scaphoides_2","McDevitt Creek",-113.7,45.8666666666667,11,15.6780004501343,23.2119998931885
1981,9,"Astragalus_scaphoides_2","McDevitt Creek",-113.7,45.8666666666667,11,9.44700050354004,48.5940017700195
1981,10,"Astragalus_scaphoides_2","McDevitt Creek",-113.7,45.8666666666667,11,1.77400004863739,49.1889991760254
1981,11,"Astragalus_scaphoides_2","McDevitt Creek",-113.7,45.8666666666667,11,-2.01700019836426,62.6119995117188
1981,12,"Astragalus_scaphoides_2","McDevitt Creek",-113.7,45.8666666666667,11,-6.7020001411438,92.6289978027344
1982,1,"Astragalus_scaphoides_2","McDevitt Creek",-113.7,45.8666666666667,11,-9.54900074005127,116.531997680664
1982,2,"Astragalus_scaphoides_2","McDevitt Creek",-113.7,45.8666666666667,11,-8.28700065612793,80.8420028686523
1982,3,"Astragalus_scaphoides_2","McDevitt Creek",-113.7,45.8666666666667,11,-3.05900025367737,85.3779983520508
1982,4,"Astragalus_scaphoides_2","McDevitt Creek",-113.7,45.8666666666667,11,-1.67400002479553,87.3099975585938
1982,5,"Astragalus_scaphoides_2","McDevitt Creek",-113.7,45.8666666666667,11,3.71200013160706,96.1340026855469
1982,6,"Astragalus_scaphoides_2","McDevitt Creek",-113.7,45.8666666666667,11,9.33300018310547,71.4059982299805
1982,7,"Astragalus_scaphoides_2","McDevitt Creek",-113.7,45.8666666666667,11,12.5800008773804,47.617000579834
1982,8,"Astragalus_scaphoides_2","McDevitt Creek",-113.7,45.8666666666667,11,14.9250011444092,29.6989994049072
1982,9,"Astragalus_scaphoides_2","McDevitt Creek",-113.7,45.8666666666667,11,7.73000049591064,85.7129974365234
1982,10,"Astragalus_scaphoides_2","McDevitt Creek",-113.7,45.8666666666667,11,2.03600001335144,51.984001159668
1982,11,"Astragalus_scaphoides_2","McDevitt Creek",-113.7,45.8666666666667,11,-4.80800008773804,34.1780014038086
1982,12,"Astragalus_scaphoides_2","McDevitt Creek",-113.7,45.8666666666667,11,-6.9040002822876,98.6579971313477
1983,1,"Astragalus_scaphoides_2","McDevitt Creek",-113.7,45.8666666666667,11,-4.04700040817261,57.8600006103516
1983,2,"Astragalus_scaphoides_2","McDevitt Creek",-113.7,45.8666666666667,11,-3.53800010681152,45.3759994506836
1983,3,"Astragalus_scaphoides_2","McDevitt Creek",-113.7,45.8666666666667,11,-1.90900003910065,71.1380004882812
1983,4,"Astragalus_scaphoides_2","McDevitt Creek",-113.7,45.8666666666667,11,-0.502000033855438,51.7840003967285
1983,5,"Astragalus_scaphoides_2","McDevitt Creek",-113.7,45.8666666666667,11,4.7790002822876,71.0619964599609
1983,6,"Astragalus_scaphoides_2","McDevitt Creek",-113.7,45.8666666666667,11,8.67800045013428,64.2850036621094
1983,7,"Astragalus_scaphoides_2","McDevitt Creek",-113.7,45.8666666666667,11,12.1380004882812,86.681999206543
1983,8,"Astragalus_scaphoides_2","McDevitt Creek",-113.7,45.8666666666667,11,15.371000289917,54.5579986572266
1983,9,"Astragalus_scaphoides_2","McDevitt Creek",-113.7,45.8666666666667,11,7.26800012588501,58.3380012512207
1983,10,"Astragalus_scaphoides_2","McDevitt Creek",-113.7,45.8666666666667,11,3.507000207901,48.6510009765625
1983,11,"Astragalus_scaphoides_2","McDevitt Creek",-113.7,45.8666666666667,11,-2.64300012588501,68.1520004272461
1983,12,"Astragalus_scaphoides_2","McDevitt Creek",-113.7,45.8666666666667,11,-13.4860010147095,66.3379974365234
1984,1,"Astragalus_scaphoides_2","McDevitt Creek",-113.7,45.8666666666667,11,-6.74900054931641,49.8650016784668
1984,2,"Astragalus_scaphoides_2","McDevitt Creek",-113.7,45.8666666666667,11,-5.87200021743774,42.9020004272461
1984,3,"Astragalus_scaphoides_2","McDevitt Creek",-113.7,45.8666666666667,11,-3.36900019645691,97.9670028686523
1984,4,"Astragalus_scaphoides_2","McDevitt Creek",-113.7,45.8666666666667,11,-0.444000035524368,103.929000854492
1984,5,"Astragalus_scaphoides_2","McDevitt Creek",-113.7,45.8666666666667,11,3.89600014686584,99.9509963989258
1984,6,"Astragalus_scaphoides_2","McDevitt Creek",-113.7,45.8666666666667,11,7.93600034713745,119.991996765137
1984,7,"Astragalus_scaphoides_2","McDevitt Creek",-113.7,45.8666666666667,11,13.5650005340576,25.9230003356934
1984,8,"Astragalus_scaphoides_2","McDevitt Creek",-113.7,45.8666666666667,11,14.2920007705688,65.1719970703125
1984,9,"Astragalus_scaphoides_2","McDevitt Creek",-113.7,45.8666666666667,11,6.18200016021729,71.4810028076172
1984,10,"Astragalus_scaphoides_2","McDevitt Creek",-113.7,45.8666666666667,11,0.396000027656555,54.875
1984,11,"Astragalus_scaphoides_2","McDevitt Creek",-113.7,45.8666666666667,11,-5.30700016021729,67.8479995727539
1984,12,"Astragalus_scaphoides_2","McDevitt Creek",-113.7,45.8666666666667,11,-9.99200057983398,67.4629974365234
1985,1,"Astragalus_scaphoides_2","McDevitt Creek",-113.7,45.8666666666667,11,-8.78600025177002,28.6350002288818
1985,2,"Astragalus_scaphoides_2","McDevitt Creek",-113.7,45.8666666666667,11,-11.3240003585815,46.0499992370605
1985,3,"Astragalus_scaphoides_2","McDevitt Creek",-113.7,45.8666666666667,11,-5.5310001373291,58.5130004882812
1985,4,"Astragalus_scaphoides_2","McDevitt Creek",-113.7,45.8666666666667,11,1.70700013637543,49.9500007629395
1985,5,"Astragalus_scaphoides_2","McDevitt Creek",-113.7,45.8666666666667,11,6.15300035476685,73.568000793457
1985,6,"Astragalus_scaphoides_2","McDevitt Creek",-113.7,45.8666666666667,11,9.47700023651123,38.0660018920898
1985,7,"Astragalus_scaphoides_2","McDevitt Creek",-113.7,45.8666666666667,11,16.3740005493164,7.06199979782104
1985,8,"Astragalus_scaphoides_2","McDevitt Creek",-113.7,45.8666666666667,11,11.3050003051758,85.713996887207
1985,9,"Astragalus_scaphoides_2","McDevitt Creek",-113.7,45.8666666666667,11,5.09600019454956,116.898002624512
1985,10,"Astragalus_scaphoides_2","McDevitt Creek",-113.7,45.8666666666667,11,0.744000017642975,44.859001159668
1985,11,"Astragalus_scaphoides_2","McDevitt Creek",-113.7,45.8666666666667,11,-10.573000907898,59.439998626709
1985,12,"Astragalus_scaphoides_2","McDevitt Creek",-113.7,45.8666666666667,11,-8.01399993896484,18.3139991760254
1986,1,"Astragalus_scaphoides_2","McDevitt Creek",-113.7,45.8666666666667,11,-5.11200046539307,60.8800010681152
1986,2,"Astragalus_scaphoides_2","McDevitt Creek",-113.7,45.8666666666667,11,-6.34600019454956,137.39599609375
1986,3,"Astragalus_scaphoides_2","McDevitt Creek",-113.7,45.8666666666667,11,-0.164000004529953,49.9500007629395
1986,4,"Astragalus_scaphoides_2","McDevitt Creek",-113.7,45.8666666666667,11,0.606000006198883,79.359001159668
1986,5,"Astragalus_scaphoides_2","McDevitt Creek",-113.7,45.8666666666667,11,5.26700019836426,82.2679977416992
1986,6,"Astragalus_scaphoides_2","McDevitt Creek",-113.7,45.8666666666667,11,12.5740003585815,64.9150009155273
1986,7,"Astragalus_scaphoides_2","McDevitt Creek",-113.7,45.8666666666667,11,11.1910009384155,45.9220008850098
1986,8,"Astragalus_scaphoides_2","McDevitt Creek",-113.7,45.8666666666667,11,15.1340007781982,49.8479995727539
1986,9,"Astragalus_scaphoides_2","McDevitt Creek",-113.7,45.8666666666667,11,5.56400012969971,84.6510009765625
1986,10,"Astragalus_scaphoides_2","McDevitt Creek",-113.7,45.8666666666667,11,3.99900007247925,21.2660007476807
1986,11,"Astragalus_scaphoides_2","McDevitt Creek",-113.7,45.8666666666667,11,-5.02100038528442,83.2360000610352
1986,12,"Astragalus_scaphoides_2","McDevitt Creek",-113.7,45.8666666666667,11,-6.81400012969971,20.693000793457
1987,1,"Astragalus_scaphoides_2","McDevitt Creek",-113.7,45.8666666666667,11,-8.64200019836426,32.9609985351562
1987,2,"Astragalus_scaphoides_2","McDevitt Creek",-113.7,45.8666666666667,11,-5.23700046539307,41.0849990844727
1987,3,"Astragalus_scaphoides_2","McDevitt Creek",-113.7,45.8666666666667,11,-3.26800012588501,50.4360008239746
1987,4,"Astragalus_scaphoides_2","McDevitt Creek",-113.7,45.8666666666667,11,4.28299999237061,32.8470001220703
1987,5,"Astragalus_scaphoides_2","McDevitt Creek",-113.7,45.8666666666667,11,7.42600011825562,98.806999206543
1987,6,"Astragalus_scaphoides_2","McDevitt Creek",-113.7,45.8666666666667,11,10.9840002059937,64.0759963989258
1987,7,"Astragalus_scaphoides_2","McDevitt Creek",-113.7,45.8666666666667,11,12.5150003433228,70.5039978027344
1987,8,"Astragalus_scaphoides_2","McDevitt Creek",-113.7,45.8666666666667,11,11.5440006256104,36.6780014038086
1987,9,"Astragalus_scaphoides_2","McDevitt Creek",-113.7,45.8666666666667,11,10.9400005340576,6.44999980926514
1987,10,"Astragalus_scaphoides_2","McDevitt Creek",-113.7,45.8666666666667,11,5.43800020217896,3.55900001525879
1987,11,"Astragalus_scaphoides_2","McDevitt Creek",-113.7,45.8666666666667,11,-1.17400002479553,29.4419994354248
1987,12,"Astragalus_scaphoides_2","McDevitt Creek",-113.7,45.8666666666667,11,-7.0450005531311,69.5080032348633
1988,1,"Astragalus_scaphoides_2","McDevitt Creek",-113.7,45.8666666666667,11,-8.3390007019043,59.5369987487793
1988,2,"Astragalus_scaphoides_2","McDevitt Creek",-113.7,45.8666666666667,11,-4.93200016021729,53.560001373291
1988,3,"Astragalus_scaphoides_2","McDevitt Creek",-113.7,45.8666666666667,11,-3.34300017356873,68.4069976806641
1988,4,"Astragalus_scaphoides_2","McDevitt Creek",-113.7,45.8666666666667,11,2.96900010108948,98.0400009155273
1988,5,"Astragalus_scaphoides_2","McDevitt Creek",-113.7,45.8666666666667,11,5.79700040817261,93.7779998779297
1988,6,"Astragalus_scaphoides_2","McDevitt Creek",-113.7,45.8666666666667,11,12.7960004806519,68.7229995727539
1988,7,"Astragalus_scaphoides_2","McDevitt Creek",-113.7,45.8666666666667,11,14.407000541687,5.4520001411438
1988,8,"Astragalus_scaphoides_2","McDevitt Creek",-113.7,45.8666666666667,11,14.0390005111694,9.83399963378906
1988,9,"Astragalus_scaphoides_2","McDevitt Creek",-113.7,45.8666666666667,11,8.11100006103516,44.1500015258789
1988,10,"Astragalus_scaphoides_2","McDevitt Creek",-113.7,45.8666666666667,11,6.76100015640259,29.3360004425049
1988,11,"Astragalus_scaphoides_2","McDevitt Creek",-113.7,45.8666666666667,11,-4.35000038146973,94.1869964599609
1988,12,"Astragalus_scaphoides_2","McDevitt Creek",-113.7,45.8666666666667,11,-6.27400016784668,39.3860015869141
1989,1,"Astragalus_scaphoides_2","McDevitt Creek",-113.7,45.8666666666667,11,-6.39100027084351,79.1080017089844
1989,2,"Astragalus_scaphoides_2","McDevitt Creek",-113.7,45.8666666666667,11,-11.0890007019043,42.5029983520508
1989,3,"Astragalus_scaphoides_2","McDevitt Creek",-113.7,45.8666666666667,11,-3.23900008201599,96.8669967651367
1989,4,"Astragalus_scaphoides_2","McDevitt Creek",-113.7,45.8666666666667,11,1.47800004482269,55.3660011291504
1989,5,"Astragalus_scaphoides_2","McDevitt Creek",-113.7,45.8666666666667,11,4.21000003814697,78.9349975585938
1989,6,"Astragalus_scaphoides_2","McDevitt Creek",-113.7,45.8666666666667,11,9.75900077819824,50.8699989318848
1989,7,"Astragalus_scaphoides_2","McDevitt Creek",-113.7,45.8666666666667,11,15.3430004119873,42.9420013427734
1989,8,"Astragalus_scaphoides_2","McDevitt Creek",-113.7,45.8666666666667,11,11.8950004577637,71.1800003051758
1989,9,"Astragalus_scaphoides_2","McDevitt Creek",-113.7,45.8666666666667,11,8.69300079345703,12.9949998855591
1989,10,"Astragalus_scaphoides_2","McDevitt Creek",-113.7,45.8666666666667,11,2.61200022697449,47.8450012207031
1989,11,"Astragalus_scaphoides_2","McDevitt Creek",-113.7,45.8666666666667,11,-2.90800023078918,62.7060012817383
1989,12,"Astragalus_scaphoides_2","McDevitt Creek",-113.7,45.8666666666667,11,-6.31900024414062,42.3569984436035
1990,1,"Astragalus_scaphoides_2","McDevitt Creek",-113.7,45.8666666666667,11,-6.00800037384033,87.0759963989258
1990,2,"Astragalus_scaphoides_2","McDevitt Creek",-113.7,45.8666666666667,11,-8.08800029754639,50.9150009155273
1990,3,"Astragalus_scaphoides_2","McDevitt Creek",-113.7,45.8666666666667,11,-2.76600003242493,50.6300010681152
1990,4,"Astragalus_scaphoides_2","McDevitt Creek",-113.7,45.8666666666667,11,2.84100008010864,80.1060028076172
1990,5,"Astragalus_scaphoides_2","McDevitt Creek",-113.7,45.8666666666667,11,3.67500019073486,103.299003601074
1990,6,"Astragalus_scaphoides_2","McDevitt Creek",-113.7,45.8666666666667,11,8.64200019836426,59.5730018615723
1990,7,"Astragalus_scaphoides_2","McDevitt Creek",-113.7,45.8666666666667,11,14.3160009384155,31.5100002288818
1990,8,"Astragalus_scaphoides_2","McDevitt Creek",-113.7,45.8666666666667,11,13.7990007400513,64.3889999389648
1990,9,"Astragalus_scaphoides_2","McDevitt Creek",-113.7,45.8666666666667,11,12.5330009460449,12.2080001831055
1990,10,"Astragalus_scaphoides_2","McDevitt Creek",-113.7,45.8666666666667,11,0.968000054359436,63.6910018920898
1990,11,"Astragalus_scaphoides_2","McDevitt Creek",-113.7,45.8666666666667,11,-3.27000021934509,62.2729988098145
1990,12,"Astragalus_scaphoides_2","McDevitt Creek",-113.7,45.8666666666667,11,-13.443000793457,63.5260009765625
1991,1,"Astragalus_scaphoides_2","McDevitt Creek",-113.7,45.8666666666667,11,-9.03400039672852,43.7389984130859
1991,2,"Astragalus_scaphoides_2","McDevitt Creek",-113.7,45.8666666666667,11,-2.11700010299683,21.0170001983643
1991,3,"Astragalus_scaphoides_2","McDevitt Creek",-113.7,45.8666666666667,11,-4.44000005722046,81.6689987182617
1991,4,"Astragalus_scaphoides_2","McDevitt Creek",-113.7,45.8666666666667,11,0.0770000070333481,78.0800018310547
1991,5,"Astragalus_scaphoides_2","McDevitt Creek",-113.7,45.8666666666667,11,3.58300018310547,88.6449966430664
1991,6,"Astragalus_scaphoides_2","McDevitt Creek",-113.7,45.8666666666667,11,8.17900085449219,85.359001159668
1991,7,"Astragalus_scaphoides_2","McDevitt Creek",-113.7,45.8666666666667,11,14.5510005950928,24.382999420166
1991,8,"Astragalus_scaphoides_2","McDevitt Creek",-113.7,45.8666666666667,11,15.7180004119873,20.8430004119873
1991,9,"Astragalus_scaphoides_2","McDevitt Creek",-113.7,45.8666666666667,11,10.1780004501343,46.9410018920898
1991,10,"Astragalus_scaphoides_2","McDevitt Creek",-113.7,45.8666666666667,11,2.47900009155273,21.5860004425049
1991,11,"Astragalus_scaphoides_2","McDevitt Creek",-113.7,45.8666666666667,11,-5.74100017547607,109.611000061035
1991,12,"Astragalus_scaphoides_2","McDevitt Creek",-113.7,45.8666666666667,11,-6.15900039672852,61.3889999389648
1992,1,"Astragalus_scaphoides_2","McDevitt Creek",-113.7,45.8666666666667,11,-6.50900030136108,31.5869998931885
1992,2,"Astragalus_scaphoides_2","McDevitt Creek",-113.7,45.8666666666667,11,-2.29100012779236,29.5510005950928
1992,3,"Astragalus_scaphoides_2","McDevitt Creek",-113.7,45.8666666666667,11,0.919000029563904,28.6520004272461
1992,4,"Astragalus_scaphoides_2","McDevitt Creek",-113.7,45.8666666666667,11,2.66200017929077,78.1019973754883
1992,5,"Astragalus_scaphoides_2","McDevitt Creek",-113.7,45.8666666666667,11,7.62600040435791,32.9679985046387
1992,6,"Astragalus_scaphoides_2","McDevitt Creek",-113.7,45.8666666666667,11,11.6650009155273,65.6669998168945
1992,7,"Astragalus_scaphoides_2","McDevitt Creek",-113.7,45.8666666666667,11,11.3890008926392,55.6539993286133
1992,8,"Astragalus_scaphoides_2","McDevitt Creek",-113.7,45.8666666666667,11,13.4040002822876,15.5050001144409
1992,9,"Astragalus_scaphoides_2","McDevitt Creek",-113.7,45.8666666666667,11,7.57200050354004,47.7869987487793
1992,10,"Astragalus_scaphoides_2","McDevitt Creek",-113.7,45.8666666666667,11,4.57100009918213,41.0130004882812
1992,11,"Astragalus_scaphoides_2","McDevitt Creek",-113.7,45.8666666666667,11,-5.80700016021729,60.757999420166
1992,12,"Astragalus_scaphoides_2","McDevitt Creek",-113.7,45.8666666666667,11,-9.74000072479248,69.0609970092773
1993,1,"Astragalus_scaphoides_2","McDevitt Creek",-113.7,45.8666666666667,11,-10.2000007629395,49.0250015258789
1993,2,"Astragalus_scaphoides_2","McDevitt Creek",-113.7,45.8666666666667,11,-8.44500064849854,38.9720001220703
1993,3,"Astragalus_scaphoides_2","McDevitt Creek",-113.7,45.8666666666667,11,-1.27900004386902,58.8849983215332
1993,4,"Astragalus_scaphoides_2","McDevitt Creek",-113.7,45.8666666666667,11,-0.154000014066696,97.8310012817383
1993,5,"Astragalus_scaphoides_2","McDevitt Creek",-113.7,45.8666666666667,11,7.57600021362305,64.8759994506836
1993,6,"Astragalus_scaphoides_2","McDevitt Creek",-113.7,45.8666666666667,11,7.62200021743774,130.266998291016
1993,7,"Astragalus_scaphoides_2","McDevitt Creek",-113.7,45.8666666666667,11,8.528000831604,96.8209991455078
1993,8,"Astragalus_scaphoides_2","McDevitt Creek",-113.7,45.8666666666667,11,10.6220006942749,101.491996765137
1993,9,"Astragalus_scaphoides_2","McDevitt Creek",-113.7,45.8666666666667,11,7.79800033569336,20.9179992675781
1993,10,"Astragalus_scaphoides_2","McDevitt Creek",-113.7,45.8666666666667,11,3.76500010490417,50.435001373291
1993,11,"Astragalus_scaphoides_2","McDevitt Creek",-113.7,45.8666666666667,11,-6.03900051116943,27.4780006408691
1993,12,"Astragalus_scaphoides_2","McDevitt Creek",-113.7,45.8666666666667,11,-5.83700037002563,36.5050010681152
1994,1,"Astragalus_scaphoides_2","McDevitt Creek",-113.7,45.8666666666667,11,-5.26000022888184,43.5190010070801
1994,2,"Astragalus_scaphoides_2","McDevitt Creek",-113.7,45.8666666666667,11,-8.38600063323975,45.0260009765625
1994,3,"Astragalus_scaphoides_2","McDevitt Creek",-113.7,45.8666666666667,11,-2.24400019645691,35.4749984741211
1994,4,"Astragalus_scaphoides_2","McDevitt Creek",-113.7,45.8666666666667,11,2.2260000705719,66.2799987792969
1994,5,"Astragalus_scaphoides_2","McDevitt Creek",-113.7,45.8666666666667,11,6.8730001449585,81.9369964599609
1994,6,"Astragalus_scaphoides_2","McDevitt Creek",-113.7,45.8666666666667,11,9.63600063323975,67.1600036621094
1994,7,"Astragalus_scaphoides_2","McDevitt Creek",-113.7,45.8666666666667,11,14.3440008163452,47.8660011291504
1994,8,"Astragalus_scaphoides_2","McDevitt Creek",-113.7,45.8666666666667,11,15.452000617981,14.5970001220703
1994,9,"Astragalus_scaphoides_2","McDevitt Creek",-113.7,45.8666666666667,11,11.2190008163452,17.125
1994,10,"Astragalus_scaphoides_2","McDevitt Creek",-113.7,45.8666666666667,11,1.68700003623962,71.6009979248047
1994,11,"Astragalus_scaphoides_2","McDevitt Creek",-113.7,45.8666666666667,11,-7.50300025939941,74.9929962158203
1994,12,"Astragalus_scaphoides_2","McDevitt Creek",-113.7,45.8666666666667,11,-7.0450005531311,43.0789985656738
1995,1,"Astragalus_scaphoides_2","McDevitt Creek",-113.7,45.8666666666667,11,-7.11400032043457,44.673999786377
1995,2,"Astragalus_scaphoides_2","McDevitt Creek",-113.7,45.8666666666667,11,-4.07600021362305,56.4889984130859
1995,3,"Astragalus_scaphoides_2","McDevitt Creek",-113.7,45.8666666666667,11,-3.99000024795532,60.7649993896484
1995,4,"Astragalus_scaphoides_2","McDevitt Creek",-113.7,45.8666666666667,11,-0.158000007271767,85.5589981079102
1995,5,"Astragalus_scaphoides_2","McDevitt Creek",-113.7,45.8666666666667,11,4.61800003051758,101.893997192383
1995,6,"Astragalus_scaphoides_2","McDevitt Creek",-113.7,45.8666666666667,11,8.28900051116943,80.7649993896484
1995,7,"Astragalus_scaphoides_2","McDevitt Creek",-113.7,45.8666666666667,11,12.9180002212524,70.75
1995,8,"Astragalus_scaphoides_2","McDevitt Creek",-113.7,45.8666666666667,11,12.7950010299683,21.0960006713867
1995,9,"Astragalus_scaphoides_2","McDevitt Creek",-113.7,45.8666666666667,11,9.60400009155273,37.9199981689453
1995,10,"Astragalus_scaphoides_2","McDevitt Creek",-113.7,45.8666666666667,11,0.545000016689301,60.0620002746582
1995,11,"Astragalus_scaphoides_2","McDevitt Creek",-113.7,45.8666666666667,11,-2.91800022125244,125.805000305176
1995,12,"Astragalus_scaphoides_2","McDevitt Creek",-113.7,45.8666666666667,11,-6.93600034713745,81.5490036010742
1996,1,"Astragalus_scaphoides_2","McDevitt Creek",-113.7,45.8666666666667,11,-8.53700065612793,90.9599990844727
1996,2,"Astragalus_scaphoides_2","McDevitt Creek",-113.7,45.8666666666667,11,-7.05600023269653,79.9309997558594
1996,3,"Astragalus_scaphoides_2","McDevitt Creek",-113.7,45.8666666666667,11,-4.08700037002563,42.5050010681152
1996,4,"Astragalus_scaphoides_2","McDevitt Creek",-113.7,45.8666666666667,11,1.1010000705719,96.8639984130859
1996,5,"Astragalus_scaphoides_2","McDevitt Creek",-113.7,45.8666666666667,11,2.8730001449585,106.793998718262
1996,6,"Astragalus_scaphoides_2","McDevitt Creek",-113.7,45.8666666666667,11,9.69200038909912,37.257999420166
1996,7,"Astragalus_scaphoides_2","McDevitt Creek",-113.7,45.8666666666667,11,14.9590005874634,12.9589996337891
1996,8,"Astragalus_scaphoides_2","McDevitt Creek",-113.7,45.8666666666667,11,13.7520008087158,38.5270004272461
1996,9,"Astragalus_scaphoides_2","McDevitt Creek",-113.7,45.8666666666667,11,7.09500026702881,40.0830001831055
1996,10,"Astragalus_scaphoides_2","McDevitt Creek",-113.7,45.8666666666667,11,2.10500001907349,45.1549987792969
1996,11,"Astragalus_scaphoides_2","McDevitt Creek",-113.7,45.8666666666667,11,-3.71400022506714,79.4909973144531
1996,12,"Astragalus_scaphoides_2","McDevitt Creek",-113.7,45.8666666666667,11,-8.01700019836426,165.091003417969
1997,1,"Astragalus_scaphoides_2","McDevitt Creek",-113.7,45.8666666666667,11,-8.05600070953369,99.9280014038086
1997,2,"Astragalus_scaphoides_2","McDevitt Creek",-113.7,45.8666666666667,11,-6.33000040054321,65.1169967651367
1997,3,"Astragalus_scaphoides_2","McDevitt Creek",-113.7,45.8666666666667,11,-3.48400020599365,87.3199996948242
1997,4,"Astragalus_scaphoides_2","McDevitt Creek",-113.7,45.8666666666667,11,-1.53500008583069,94.7470016479492
1997,5,"Astragalus_scaphoides_2","McDevitt Creek",-113.7,45.8666666666667,11,6.58800029754639,61.4630012512207
1997,6,"Astragalus_scaphoides_2","McDevitt Creek",-113.7,45.8666666666667,11,9.82200050354004,87.1190032958984
1997,7,"Astragalus_scaphoides_2","McDevitt Creek",-113.7,45.8666666666667,11,12.8030004501343,67.9189987182617
1997,8,"Astragalus_scaphoides_2","McDevitt Creek",-113.7,45.8666666666667,11,13.8070011138916,48.1450004577637
1997,9,"Astragalus_scaphoides_2","McDevitt Creek",-113.7,45.8666666666667,11,10.077000617981,53.3699989318848
1997,10,"Astragalus_scaphoides_2","McDevitt Creek",-113.7,45.8666666666667,11,1.96000003814697,75.1100006103516
1997,11,"Astragalus_scaphoides_2","McDevitt Creek",-113.7,45.8666666666667,11,-3.48900008201599,51.2050018310547
1997,12,"Astragalus_scaphoides_2","McDevitt Creek",-113.7,45.8666666666667,11,-7.74000024795532,25.4799995422363
1998,1,"Astragalus_scaphoides_2","McDevitt Creek",-113.7,45.8666666666667,11,-6.56700038909912,74.2070007324219
1998,2,"Astragalus_scaphoides_2","McDevitt Creek",-113.7,45.8666666666667,11,-5.32400035858154,29.3229999542236
1998,3,"Astragalus_scaphoides_2","McDevitt Creek",-113.7,45.8666666666667,11,-3.26900005340576,51.3930015563965
1998,4,"Astragalus_scaphoides_2","McDevitt Creek",-113.7,45.8666666666667,11,1.20800006389618,95.484001159668
1998,5,"Astragalus_scaphoides_2","McDevitt Creek",-113.7,45.8666666666667,11,6.3250002861023,96.818000793457
1998,6,"Astragalus_scaphoides_2","McDevitt Creek",-113.7,45.8666666666667,11,7.21400022506714,134.522003173828
1998,7,"Astragalus_scaphoides_2","McDevitt Creek",-113.7,45.8666666666667,11,16.367000579834,61.5250015258789
1998,8,"Astragalus_scaphoides_2","McDevitt Creek",-113.7,45.8666666666667,11,15.4870004653931,17.8330001831055
1998,9,"Astragalus_scaphoides_2","McDevitt Creek",-113.7,45.8666666666667,11,12.2410001754761,45.1520004272461
1998,10,"Astragalus_scaphoides_2","McDevitt Creek",-113.7,45.8666666666667,11,3.00300025939941,26.5389995574951
1998,11,"Astragalus_scaphoides_2","McDevitt Creek",-113.7,45.8666666666667,11,-2.45500016212463,84.0390014648438
1998,12,"Astragalus_scaphoides_2","McDevitt Creek",-113.7,45.8666666666667,11,-8.85400009155273,92.4929962158203
1999,1,"Astragalus_scaphoides_2","McDevitt Creek",-113.7,45.8666666666667,11,-5.60700035095215,74.536003112793
1999,2,"Astragalus_scaphoides_2","McDevitt Creek",-113.7,45.8666666666667,11,-6.00900030136108,76.1490020751953
1999,3,"Astragalus_scaphoides_2","McDevitt Creek",-113.7,45.8666666666667,11,-2.54400014877319,59.1870002746582
1999,4,"Astragalus_scaphoides_2","McDevitt Creek",-113.7,45.8666666666667,11,-0.686000049114227,43.7529983520508
1999,5,"Astragalus_scaphoides_2","McDevitt Creek",-113.7,45.8666666666667,11,4.08900022506714,73.536003112793
1999,6,"Astragalus_scaphoides_2","McDevitt Creek",-113.7,45.8666666666667,11,8.4950008392334,77.1719970703125
1999,7,"Astragalus_scaphoides_2","McDevitt Creek",-113.7,45.8666666666667,11,13.076000213623,12.0469999313354
1999,8,"Astragalus_scaphoides_2","McDevitt Creek",-113.7,45.8666666666667,11,14.9820003509521,51.3530006408691
1999,9,"Astragalus_scaphoides_2","McDevitt Creek",-113.7,45.8666666666667,11,7.9520001411438,27.7199993133545
1999,10,"Astragalus_scaphoides_2","McDevitt Creek",-113.7,45.8666666666667,11,4.54400014877319,23.8490009307861
1999,11,"Astragalus_scaphoides_2","McDevitt Creek",-113.7,45.8666666666667,11,0.359000027179718,51.3450012207031
1999,12,"Astragalus_scaphoides_2","McDevitt Creek",-113.7,45.8666666666667,11,-5.139000415802,68.1709976196289
2000,1,"Astragalus_scaphoides_2","McDevitt Creek",-113.7,45.8666666666667,11,-6.75400018692017,74.3659973144531
2000,2,"Astragalus_scaphoides_2","McDevitt Creek",-113.7,45.8666666666667,11,-3.86600017547607,58.4059982299805
2000,3,"Astragalus_scaphoides_2","McDevitt Creek",-113.7,45.8666666666667,11,-2.18600010871887,38.0449981689453
2000,4,"Astragalus_scaphoides_2","McDevitt Creek",-113.7,45.8666666666667,11,2.85900020599365,38.1829986572266
2000,5,"Astragalus_scaphoides_2","McDevitt Creek",-113.7,45.8666666666667,11,5.53500032424927,69.3710021972656
2000,6,"Astragalus_scaphoides_2","McDevitt Creek",-113.7,45.8666666666667,11,9.89100074768066,56.9410018920898
2000,7,"Astragalus_scaphoides_2","McDevitt Creek",-113.7,45.8666666666667,11,14.9780006408691,13.9219999313354
2000,8,"Astragalus_scaphoides_2","McDevitt Creek",-113.7,45.8666666666667,11,15.1590003967285,17.4990005493164
2000,9,"Astragalus_scaphoides_2","McDevitt Creek",-113.7,45.8666666666667,11,7.96500015258789,73.8349990844727
2000,10,"Astragalus_scaphoides_2","McDevitt Creek",-113.7,45.8666666666667,11,3.25000023841858,68.6269989013672
2000,11,"Astragalus_scaphoides_2","McDevitt Creek",-113.7,45.8666666666667,11,-7.17600011825562,34.9959983825684
2000,12,"Astragalus_scaphoides_2","McDevitt Creek",-113.7,45.8666666666667,11,-7.14900016784668,41.757999420166
2001,1,"Astragalus_scaphoides_2","McDevitt Creek",-113.7,45.8666666666667,11,-6.12400007247925,20.0459995269775
2001,2,"Astragalus_scaphoides_2","McDevitt Creek",-113.7,45.8666666666667,11,-7.0770001411438,41.1879997253418
2001,3,"Astragalus_scaphoides_2","McDevitt Creek",-113.7,45.8666666666667,11,-1.61100006103516,42.9160003662109
2001,4,"Astragalus_scaphoides_2","McDevitt Creek",-113.7,45.8666666666667,11,-0.110000006854534,90.5970001220703
2001,5,"Astragalus_scaphoides_2","McDevitt Creek",-113.7,45.8666666666667,11,6.73700046539307,47.4609985351562
2001,6,"Astragalus_scaphoides_2","McDevitt Creek",-113.7,45.8666666666667,11,9.54200077056885,101.068000793457
2001,7,"Astragalus_scaphoides_2","McDevitt Creek",-113.7,45.8666666666667,11,15.0440006256104,79.0289993286133
2001,8,"Astragalus_scaphoides_2","McDevitt Creek",-113.7,45.8666666666667,11,15.7080011367798,7.48699998855591
2001,9,"Astragalus_scaphoides_2","McDevitt Creek",-113.7,45.8666666666667,11,11.7880001068115,25.242000579834
2001,10,"Astragalus_scaphoides_2","McDevitt Creek",-113.7,45.8666666666667,11,2.9850001335144,59.6749992370605
2001,11,"Astragalus_scaphoides_2","McDevitt Creek",-113.7,45.8666666666667,11,0.0110000008717179,29.0160007476807
2001,12,"Astragalus_scaphoides_2","McDevitt Creek",-113.7,45.8666666666667,11,-7.62100028991699,53.9799995422363
2002,1,"Astragalus_scaphoides_2","McDevitt Creek",-113.7,45.8666666666667,11,-7.47200012207031,55.1520004272461
2002,2,"Astragalus_scaphoides_2","McDevitt Creek",-113.7,45.8666666666667,11,-6.05400037765503,29.6959991455078
2002,3,"Astragalus_scaphoides_2","McDevitt Creek",-113.7,45.8666666666667,11,-5.54300022125244,69.8450012207031
2002,4,"Astragalus_scaphoides_2","McDevitt Creek",-113.7,45.8666666666667,11,0.0150000005960464,60.8800010681152
2002,5,"Astragalus_scaphoides_2","McDevitt Creek",-113.7,45.8666666666667,11,4.29200029373169,79.7350006103516
2002,6,"Astragalus_scaphoides_2","McDevitt Creek",-113.7,45.8666666666667,11,10.5290002822876,81.4580001831055
2002,7,"Astragalus_scaphoides_2","McDevitt Creek",-113.7,45.8666666666667,11,16.8819999694824,41.6080017089844
2002,8,"Astragalus_scaphoides_2","McDevitt Creek",-113.7,45.8666666666667,11,11.488000869751,52.0999984741211
2002,9,"Astragalus_scaphoides_2","McDevitt Creek",-113.7,45.8666666666667,11,9.76200008392334,29.4130001068115
2002,10,"Astragalus_scaphoides_2","McDevitt Creek",-113.7,45.8666666666667,11,1.09800004959106,14.9069995880127
2002,11,"Astragalus_scaphoides_2","McDevitt Creek",-113.7,45.8666666666667,11,-1.95300006866455,38.693000793457
2002,12,"Astragalus_scaphoides_2","McDevitt Creek",-113.7,45.8666666666667,11,-3.92900013923645,46.7550010681152
2003,1,"Astragalus_scaphoides_2","McDevitt Creek",-113.7,45.8666666666667,11,-2.76300024986267,79.5849990844727
2003,2,"Astragalus_scaphoides_2","McDevitt Creek",-113.7,45.8666666666667,11,-5.99400043487549,88.7369995117188
2003,3,"Astragalus_scaphoides_2","McDevitt Creek",-113.7,45.8666666666667,11,-2.20100021362305,106.484001159668
2003,4,"Astragalus_scaphoides_2","McDevitt Creek",-113.7,45.8666666666667,11,1.43700003623962,102.550003051758
2003,5,"Astragalus_scaphoides_2","McDevitt Creek",-113.7,45.8666666666667,11,5.08400011062622,83.1029968261719
2003,6,"Astragalus_scaphoides_2","McDevitt Creek",-113.7,45.8666666666667,11,10.2540006637573,41.2799987792969
2003,7,"Astragalus_scaphoides_2","McDevitt Creek",-113.7,45.8666666666667,11,17.3530006408691,16.1620006561279
2003,8,"Astragalus_scaphoides_2","McDevitt Creek",-113.7,45.8666666666667,11,16.4830017089844,35.0750007629395
2003,9,"Astragalus_scaphoides_2","McDevitt Creek",-113.7,45.8666666666667,11,10.1230001449585,21.5669994354248
2003,10,"Astragalus_scaphoides_2","McDevitt Creek",-113.7,45.8666666666667,11,6.13200044631958,36.4119987487793
2003,11,"Astragalus_scaphoides_2","McDevitt Creek",-113.7,45.8666666666667,11,-6.14200019836426,70.6289978027344
2003,12,"Astragalus_scaphoides_2","McDevitt Creek",-113.7,45.8666666666667,11,-4.96900033950806,75.3050003051758
2004,1,"Astragalus_scaphoides_2","McDevitt Creek",-113.7,45.8666666666667,11,-6.57800054550171,47.6570014953613
2004,2,"Astragalus_scaphoides_2","McDevitt Creek",-113.7,45.8666666666667,11,-4.70100021362305,45.8730010986328
2004,3,"Astragalus_scaphoides_2","McDevitt Creek",-113.7,45.8666666666667,11,0.194000005722046,38.7080001831055
2004,4,"Astragalus_scaphoides_2","McDevitt Creek",-113.7,45.8666666666667,11,2.49500012397766,48.6870002746582
2004,5,"Astragalus_scaphoides_2","McDevitt Creek",-113.7,45.8666666666667,11,4.4980001449585,111.125
2004,6,"Astragalus_scaphoides_2","McDevitt Creek",-113.7,45.8666666666667,11,9.77600002288818,48.0019989013672
2004,7,"Astragalus_scaphoides_2","McDevitt Creek",-113.7,45.8666666666667,11,15.4220008850098,39.8370018005371
2004,8,"Astragalus_scaphoides_2","McDevitt Creek",-113.7,45.8666666666667,11,14.0630006790161,107.897003173828
2004,9,"Astragalus_scaphoides_2","McDevitt Creek",-113.7,45.8666666666667,11,7.8870005607605,85.8939971923828
2004,10,"Astragalus_scaphoides_2","McDevitt Creek",-113.7,45.8666666666667,11,3.72300028800964,24.1660003662109
2004,11,"Astragalus_scaphoides_2","McDevitt Creek",-113.7,45.8666666666667,11,-2.26600003242493,30.6299991607666
2004,12,"Astragalus_scaphoides_2","McDevitt Creek",-113.7,45.8666666666667,11,-4.87400007247925,53.0639991760254
2005,1,"Astragalus_scaphoides_2","McDevitt Creek",-113.7,45.8666666666667,11,-5.47600030899048,36.7350006103516
2005,2,"Astragalus_scaphoides_2","McDevitt Creek",-113.7,45.8666666666667,11,-4.04700040817261,15.2360000610352
2005,3,"Astragalus_scaphoides_2","McDevitt Creek",-113.7,45.8666666666667,11,-1.66000008583069,51.5820007324219
2005,4,"Astragalus_scaphoides_2","McDevitt Creek",-113.7,45.8666666666667,11,0.889000058174133,79.6360015869141
2005,5,"Astragalus_scaphoides_2","McDevitt Creek",-113.7,45.8666666666667,11,5.47500038146973,93.4749984741211
2005,6,"Astragalus_scaphoides_2","McDevitt Creek",-113.7,45.8666666666667,11,8.31500053405762,124.371002197266
2005,7,"Astragalus_scaphoides_2","McDevitt Creek",-113.7,45.8666666666667,11,14.5530004501343,22.2099990844727
2005,8,"Astragalus_scaphoides_2","McDevitt Creek",-113.7,45.8666666666667,11,14.3890008926392,28.2889995574951
2005,9,"Astragalus_scaphoides_2","McDevitt Creek",-113.7,45.8666666666667,11,8.63800048828125,61.7350006103516
2005,10,"Astragalus_scaphoides_2","McDevitt Creek",-113.7,45.8666666666667,11,5.07900047302246,35.2130012512207
2005,11,"Astragalus_scaphoides_2","McDevitt Creek",-113.7,45.8666666666667,11,-2.72700023651123,97.9000015258789
2005,12,"Astragalus_scaphoides_2","McDevitt Creek",-113.7,45.8666666666667,11,-6.59400033950806,75.9749984741211
2006,1,"Astragalus_scaphoides_2","McDevitt Creek",-113.7,45.8666666666667,11,-3.69400024414062,79.879997253418
2006,2,"Astragalus_scaphoides_2","McDevitt Creek",-113.7,45.8666666666667,11,-7.39900016784668,50.0400009155273
2006,3,"Astragalus_scaphoides_2","McDevitt Creek",-113.7,45.8666666666667,11,-3.22800016403198,54.9710006713867
2006,4,"Astragalus_scaphoides_2","McDevitt Creek",-113.7,45.8666666666667,11,1.96200013160706,87.5350036621094
2006,5,"Astragalus_scaphoides_2","McDevitt Creek",-113.7,45.8666666666667,11,6.48400020599365,48.3009986877441
2006,6,"Astragalus_scaphoides_2","McDevitt Creek",-113.7,45.8666666666667,11,12.0710000991821,62.7540016174316
2006,7,"Astragalus_scaphoides_2","McDevitt Creek",-113.7,45.8666666666667,11,17.5250015258789,24.3719997406006
2006,8,"Astragalus_scaphoides_2","McDevitt Creek",-113.7,45.8666666666667,11,13.7540006637573,14.0380001068115
2006,9,"Astragalus_scaphoides_2","McDevitt Creek",-113.7,45.8666666666667,11,9.19900035858154,26.617000579834
2006,10,"Astragalus_scaphoides_2","McDevitt Creek",-113.7,45.8666666666667,11,3.2240002155304,58.8190002441406
2006,11,"Astragalus_scaphoides_2","McDevitt Creek",-113.7,45.8666666666667,11,-3.26800012588501,84.8320007324219
2006,12,"Astragalus_scaphoides_2","McDevitt Creek",-113.7,45.8666666666667,11,-5.21500015258789,68.1029968261719
2007,1,"Astragalus_scaphoides_2","McDevitt Creek",-113.7,45.8666666666667,11,-7.64300012588501,42.6800003051758
2007,2,"Astragalus_scaphoides_2","McDevitt Creek",-113.7,45.8666666666667,11,-4.17600011825562,69.3280029296875
2007,3,"Astragalus_scaphoides_2","McDevitt Creek",-113.7,45.8666666666667,11,0.051000002771616,49.523998260498
2007,4,"Astragalus_scaphoides_2","McDevitt Creek",-113.7,45.8666666666667,11,1.55300009250641,71.447998046875
2007,5,"Astragalus_scaphoides_2","McDevitt Creek",-113.7,45.8666666666667,11,6.85400009155273,111.772003173828
2007,6,"Astragalus_scaphoides_2","McDevitt Creek",-113.7,45.8666666666667,11,11.3140001296997,69.0179977416992
2007,7,"Astragalus_scaphoides_2","McDevitt Creek",-113.7,45.8666666666667,11,18.8000011444092,20.7269992828369
2007,8,"Astragalus_scaphoides_2","McDevitt Creek",-113.7,45.8666666666667,11,14.9420003890991,14.423999786377
2007,9,"Astragalus_scaphoides_2","McDevitt Creek",-113.7,45.8666666666667,11,9.45200061798096,81.3099975585938
2007,10,"Astragalus_scaphoides_2","McDevitt Creek",-113.7,45.8666666666667,11,3.14200019836426,73.7590026855469
2007,11,"Astragalus_scaphoides_2","McDevitt Creek",-113.7,45.8666666666667,11,-1.91900014877319,62.4360008239746
2007,12,"Astragalus_scaphoides_2","McDevitt Creek",-113.7,45.8666666666667,11,-8.14800071716309,86.3030014038086
2008,1,"Astragalus_scaphoides_2","McDevitt Creek",-113.7,45.8666666666667,11,-8.38199996948242,61.0800018310547
2008,2,"Astragalus_scaphoides_2","McDevitt Creek",-113.7,45.8666666666667,11,-4.70600032806396,81.0930023193359
2008,3,"Astragalus_scaphoides_2","McDevitt Creek",-113.7,45.8666666666667,11,-4.64900016784668,55.5730018615723
2008,4,"Astragalus_scaphoides_2","McDevitt Creek",-113.7,45.8666666666667,11,-1.81400012969971,62.4269981384277
2008,5,"Astragalus_scaphoides_2","McDevitt Creek",-113.7,45.8666666666667,11,4.66700029373169,73.8379974365234
2008,6,"Astragalus_scaphoides_2","McDevitt Creek",-113.7,45.8666666666667,11,8.74900054931641,108.525001525879
2008,7,"Astragalus_scaphoides_2","McDevitt Creek",-113.7,45.8666666666667,11,14.617000579834,28.44700050354
2008,8,"Astragalus_scaphoides_2","McDevitt Creek",-113.7,45.8666666666667,11,14.0070009231567,34.640998840332
2008,9,"Astragalus_scaphoides_2","McDevitt Creek",-113.7,45.8666666666667,11,8.41700077056885,71.1839981079102
2008,10,"Astragalus_scaphoides_2","McDevitt Creek",-113.7,45.8666666666667,11,3.75400018692017,44.1500015258789
2008,11,"Astragalus_scaphoides_2","McDevitt Creek",-113.7,45.8666666666667,11,0.271000027656555,82.0869979858398
2008,12,"Astragalus_scaphoides_2","McDevitt Creek",-113.7,45.8666666666667,11,-8.4660005569458,89.6340026855469
2009,1,"Astragalus_scaphoides_2","McDevitt Creek",-113.7,45.8666666666667,11,-5.51500034332275,84.0540008544922
2009,2,"Astragalus_scaphoides_2","McDevitt Creek",-113.7,45.8666666666667,11,-3.65700006484985,26.2779998779297
2009,3,"Astragalus_scaphoides_2","McDevitt Creek",-113.7,45.8666666666667,11,-4.4830002784729,115.958999633789
2009,4,"Astragalus_scaphoides_2","McDevitt Creek",-113.7,45.8666666666667,11,0.24600000679493,59.6749992370605
2009,5,"Astragalus_scaphoides_2","McDevitt Creek",-113.7,45.8666666666667,11,5.68200016021729,78.4199981689453
2009,6,"Astragalus_scaphoides_2","McDevitt Creek",-113.7,45.8666666666667,11,9.28400039672852,87.7060012817383
2009,7,"Astragalus_scaphoides_2","McDevitt Creek",-113.7,45.8666666666667,11,14.0630006790161,53.0849990844727
2009,8,"Astragalus_scaphoides_2","McDevitt Creek",-113.7,45.8666666666667,11,13.6840009689331,68.5189971923828
2009,9,"Astragalus_scaphoides_2","McDevitt Creek",-113.7,45.8666666666667,11,12.8070001602173,12.0909996032715
2009,10,"Astragalus_scaphoides_2","McDevitt Creek",-113.7,45.8666666666667,11,-0.674000024795532,62.7589988708496
2009,11,"Astragalus_scaphoides_2","McDevitt Creek",-113.7,45.8666666666667,11,-1.76300013065338,37.4799995422363
2009,12,"Astragalus_scaphoides_2","McDevitt Creek",-113.7,45.8666666666667,11,-9.21100044250488,27.2129993438721
2010,1,"Astragalus_scaphoides_2","McDevitt Creek",-113.7,45.8666666666667,11,-3.35300016403198,41.0849990844727
2010,2,"Astragalus_scaphoides_2","McDevitt Creek",-113.7,45.8666666666667,11,-4.50900030136108,23.2719993591309
2010,3,"Astragalus_scaphoides_2","McDevitt Creek",-113.7,45.8666666666667,11,-0.733000040054321,59.234001159668
2010,4,"Astragalus_scaphoides_2","McDevitt Creek",-113.7,45.8666666666667,11,0.835000038146973,70.1370010375977
2010,5,"Astragalus_scaphoides_2","McDevitt Creek",-113.7,45.8666666666667,11,2.55700016021729,101.930999755859
2010,6,"Astragalus_scaphoides_2","McDevitt Creek",-113.7,45.8666666666667,11,8.70400047302246,135.570999145508
2010,7,"Astragalus_scaphoides_2","McDevitt Creek",-113.7,45.8666666666667,11,13.4870004653931,15.668999671936
2010,8,"Astragalus_scaphoides_2","McDevitt Creek",-113.7,45.8666666666667,11,13.8050003051758,47.6040000915527
2010,9,"Astragalus_scaphoides_2","McDevitt Creek",-113.7,45.8666666666667,11,10.2660007476807,50.3720016479492
2010,10,"Astragalus_scaphoides_2","McDevitt Creek",-113.7,45.8666666666667,11,6.19300031661987,46.1269989013672
2010,11,"Astragalus_scaphoides_2","McDevitt Creek",-113.7,45.8666666666667,11,-3.91800022125244,78.3659973144531
2010,12,"Astragalus_scaphoides_2","McDevitt Creek",-113.7,45.8666666666667,11,-5.14100027084351,76.0820007324219
2011,1,"Astragalus_scaphoides_2","McDevitt Creek",-113.7,45.8666666666667,11,-5.80200004577637,85.3430023193359
2011,2,"Astragalus_scaphoides_2","McDevitt Creek",-113.7,45.8666666666667,11,-8.08300018310547,54.5830001831055
2011,3,"Astragalus_scaphoides_2","McDevitt Creek",-113.7,45.8666666666667,11,-3.10500025749207,76.8580017089844
2011,4,"Astragalus_scaphoides_2","McDevitt Creek",-113.7,45.8666666666667,11,-2.05700016021729,124.783996582031
2011,5,"Astragalus_scaphoides_2","McDevitt Creek",-113.7,45.8666666666667,11,3.62500023841858,115.127998352051
2011,6,"Astragalus_scaphoides_2","McDevitt Creek",-113.7,45.8666666666667,11,7.90700054168701,98.4660034179688
2011,7,"Astragalus_scaphoides_2","McDevitt Creek",-113.7,45.8666666666667,11,14.4730005264282,22.7269992828369
2011,8,"Astragalus_scaphoides_2","McDevitt Creek",-113.7,45.8666666666667,11,15.3880004882812,15.2340002059937
2011,9,"Astragalus_scaphoides_2","McDevitt Creek",-113.7,45.8666666666667,11,11.9840002059937,13.8669996261597
2011,10,"Astragalus_scaphoides_2","McDevitt Creek",-113.7,45.8666666666667,11,4.39000034332275,75.806999206543
2011,11,"Astragalus_scaphoides_2","McDevitt Creek",-113.7,45.8666666666667,11,-4.26800012588501,62
2011,12,"Astragalus_scaphoides_2","McDevitt Creek",-113.7,45.8666666666667,11,-5.42200040817261,60.9609985351562
2012,1,"Astragalus_scaphoides_2","McDevitt Creek",-113.7,45.8666666666667,11,-5.15300035476685,80.1080017089844
2012,2,"Astragalus_scaphoides_2","McDevitt Creek",-113.7,45.8666666666667,11,-5.23900032043457,56.3009986877441
2012,3,"Astragalus_scaphoides_2","McDevitt Creek",-113.7,45.8666666666667,11,-1.10900008678436,87.5299987792969
2012,4,"Astragalus_scaphoides_2","McDevitt Creek",-113.7,45.8666666666667,11,2.9980001449585,53.7080001831055
2012,5,"Astragalus_scaphoides_2","McDevitt Creek",-113.7,45.8666666666667,11,4.77100038528442,82.967399597168
2012,6,"Astragalus_scaphoides_2","McDevitt Creek",-113.7,45.8666666666667,11,9.62600040435791,46.8289985656738
2012,7,"Astragalus_scaphoides_2","McDevitt Creek",-113.7,45.8666666666667,11,16.5100002288818,28.2889995574951
2012,8,"Astragalus_scaphoides_2","McDevitt Creek",-113.7,45.8666666666667,11,15.7600011825562,5.87599992752075
2012,9,"Astragalus_scaphoides_2","McDevitt Creek",-113.7,45.8666666666667,11,12.0820007324219,1.9650000333786
2012,10,"Astragalus_scaphoides_2","McDevitt Creek",-113.7,45.8666666666667,11,2.8600001335144,60.1640014648438
2012,11,"Astragalus_scaphoides_2","McDevitt Creek",-113.7,45.8666666666667,11,-1.02700006961823,52.4630012512207
2012,12,"Astragalus_scaphoides_2","McDevitt Creek",-113.7,45.8666666666667,11,-6.3270001411438,78.4870986938477
2013,1,"Astragalus_scaphoides_2","McDevitt Creek",-113.7,45.8666666666667,11,-5.3430004119873,54.9640007019043
2013,2,"Astragalus_scaphoides_2","McDevitt Creek",-113.7,45.8666666666667,11,-5.0930004119873,28.3090000152588
2013,3,"Astragalus_scaphoides_2","McDevitt Creek",-113.7,45.8666666666667,11,-2.2240002155304,46.3769989013672
2013,4,"Astragalus_scaphoides_2","McDevitt Creek",-113.7,45.8666666666667,11,-0.207000017166138,50.818000793457
2013,5,"Astragalus_scaphoides_2","McDevitt Creek",-113.7,45.8666666666667,11,6.46500015258789,58.8440017700195
2013,6,"Astragalus_scaphoides_2","McDevitt Creek",-113.7,45.8666666666667,11,10.6360006332397,63.9809989929199
2013,7,"Astragalus_scaphoides_2","McDevitt Creek",-113.7,45.8666666666667,11,16.726001739502,15.0299997329712
2013,8,"Astragalus_scaphoides_2","McDevitt Creek",-113.7,45.8666666666667,11,15.8660011291504,30.6049995422363
2013,9,"Astragalus_scaphoides_2","McDevitt Creek",-113.7,45.8666666666667,11,10.6650009155273,86.6920013427734
2013,10,"Astragalus_scaphoides_2","McDevitt Creek",-113.7,45.8666666666667,11,2.41700005531311,37.7639999389648
2013,11,"Astragalus_scaphoides_2","McDevitt Creek",-113.7,45.8666666666667,11,-1.49400007724762,42.8380012512207
2013,12,"Astragalus_scaphoides_2","McDevitt Creek",-113.7,45.8666666666667,11,-7.89100027084351,59.2449989318848
1981,1,"Astragalus_scaphoides_2","Sheep Corral Gulch",-113.7,45,11,-2.34100008010864,4.84000015258789
1981,2,"Astragalus_scaphoides_2","Sheep Corral Gulch",-113.7,45,11,-1.93300008773804,27.5149993896484
1981,3,"Astragalus_scaphoides_2","Sheep Corral Gulch",-113.7,45,11,2.35000014305115,23.1840000152588
1981,4,"Astragalus_scaphoides_2","Sheep Corral Gulch",-113.7,45,11,5.71300029754639,30.4459991455078
1981,5,"Astragalus_scaphoides_2","Sheep Corral Gulch",-113.7,45,11,9.57000064849854,92.7870025634766
1981,6,"Astragalus_scaphoides_2","Sheep Corral Gulch",-113.7,45,11,13.3900003433228,48.9070014953613
1981,7,"Astragalus_scaphoides_2","Sheep Corral Gulch",-113.7,45,11,18.8120002746582,8.54199981689453
1981,8,"Astragalus_scaphoides_2","Sheep Corral Gulch",-113.7,45,11,20.1030006408691,6.48899984359741
1981,9,"Astragalus_scaphoides_2","Sheep Corral Gulch",-113.7,45,11,14.0910005569458,14.2819995880127
1981,10,"Astragalus_scaphoides_2","Sheep Corral Gulch",-113.7,45,11,5.67800045013428,17.423999786377
1981,11,"Astragalus_scaphoides_2","Sheep Corral Gulch",-113.7,45,11,0.602000057697296,37.1240005493164
1981,12,"Astragalus_scaphoides_2","Sheep Corral Gulch",-113.7,45,11,-4.76900005340576,43.4599990844727
1982,1,"Astragalus_scaphoides_2","Sheep Corral Gulch",-113.7,45,11,-7.77700042724609,28.7609996795654
1982,2,"Astragalus_scaphoides_2","Sheep Corral Gulch",-113.7,45,11,-6.27300024032593,17.9689998626709
1982,3,"Astragalus_scaphoides_2","Sheep Corral Gulch",-113.7,45,11,0.564000010490417,41.5089988708496
1982,4,"Astragalus_scaphoides_2","Sheep Corral Gulch",-113.7,45,11,1.86400008201599,38.6319999694824
1982,5,"Astragalus_scaphoides_2","Sheep Corral Gulch",-113.7,45,11,8.25,47.2890014648438
1982,6,"Astragalus_scaphoides_2","Sheep Corral Gulch",-113.7,45,11,13.5910005569458,40.8279991149902
1982,7,"Astragalus_scaphoides_2","Sheep Corral Gulch",-113.7,45,11,17.9060001373291,35.1790008544922
1982,8,"Astragalus_scaphoides_2","Sheep Corral Gulch",-113.7,45,11,19.4240016937256,21.7140007019043
1982,9,"Astragalus_scaphoides_2","Sheep Corral Gulch",-113.7,45,11,12.4550008773804,49.1259994506836
1982,10,"Astragalus_scaphoides_2","Sheep Corral Gulch",-113.7,45,11,5.70100021362305,31.9540004730225
1982,11,"Astragalus_scaphoides_2","Sheep Corral Gulch",-113.7,45,11,-3.26400017738342,8.93599987030029
1982,12,"Astragalus_scaphoides_2","Sheep Corral Gulch",-113.7,45,11,-5.67900037765503,40.2849998474121
1983,1,"Astragalus_scaphoides_2","Sheep Corral Gulch",-113.7,45,11,-2.79300022125244,10.5349998474121
1983,2,"Astragalus_scaphoides_2","Sheep Corral Gulch",-113.7,45,11,-1.2370001077652,15.7650003433228
1983,3,"Astragalus_scaphoides_2","Sheep Corral Gulch",-113.7,45,11,1.99500012397766,28.5820007324219
1983,4,"Astragalus_scaphoides_2","Sheep Corral Gulch",-113.7,45,11,3.44300007820129,14.7840003967285
1983,5,"Astragalus_scaphoides_2","Sheep Corral Gulch",-113.7,45,11,8.87400054931641,19.0259990692139
1983,6,"Astragalus_scaphoides_2","Sheep Corral Gulch",-113.7,45,11,13.4590005874634,54.5919990539551
1983,7,"Astragalus_scaphoides_2","Sheep Corral Gulch",-113.7,45,11,17.1830005645752,57.3359985351562
1983,8,"Astragalus_scaphoides_2","Sheep Corral Gulch",-113.7,45,11,19.7580013275146,52.8549995422363
1983,9,"Astragalus_scaphoides_2","Sheep Corral Gulch",-113.7,45,11,12.6000003814697,24.7549991607666
1983,10,"Astragalus_scaphoides_2","Sheep Corral Gulch",-113.7,45,11,7.13500022888184,26.011999130249
1983,11,"Astragalus_scaphoides_2","Sheep Corral Gulch",-113.7,45,11,-0.373000025749207,45.0089988708496
1983,12,"Astragalus_scaphoides_2","Sheep Corral Gulch",-113.7,45,11,-11.8320007324219,31.6100006103516
1984,1,"Astragalus_scaphoides_2","Sheep Corral Gulch",-113.7,45,11,-7.8730001449585,17.4839992523193
1984,2,"Astragalus_scaphoides_2","Sheep Corral Gulch",-113.7,45,11,-5.05800008773804,11.5450000762939
1984,3,"Astragalus_scaphoides_2","Sheep Corral Gulch",-113.7,45,11,0.0910000056028366,30.753999710083
1984,4,"Astragalus_scaphoides_2","Sheep Corral Gulch",-113.7,45,11,3.79300022125244,46.0229988098145
1984,5,"Astragalus_scaphoides_2","Sheep Corral Gulch",-113.7,45,11,8.56100082397461,52.5540008544922
1984,6,"Astragalus_scaphoides_2","Sheep Corral Gulch",-113.7,45,11,12.3970003128052,82.9349975585938
1984,7,"Astragalus_scaphoides_2","Sheep Corral Gulch",-113.7,45,11,18.867000579834,34.5470008850098
1984,8,"Astragalus_scaphoides_2","Sheep Corral Gulch",-113.7,45,11,18.9230003356934,31.7999992370605
1984,9,"Astragalus_scaphoides_2","Sheep Corral Gulch",-113.7,45,11,11.1490001678467,22.0809993743896
1984,10,"Astragalus_scaphoides_2","Sheep Corral Gulch",-113.7,45,11,4.14200019836426,21.9820003509521
1984,11,"Astragalus_scaphoides_2","Sheep Corral Gulch",-113.7,45,11,-2.05200004577637,29.2810001373291
1984,12,"Astragalus_scaphoides_2","Sheep Corral Gulch",-113.7,45,11,-10.3120002746582,20.9759998321533
1985,1,"Astragalus_scaphoides_2","Sheep Corral Gulch",-113.7,45,11,-8.59800052642822,14.5649995803833
1985,2,"Astragalus_scaphoides_2","Sheep Corral Gulch",-113.7,45,11,-9.29300022125244,7.91699981689453
1985,3,"Astragalus_scaphoides_2","Sheep Corral Gulch",-113.7,45,11,-3.05400013923645,22.5279998779297
1985,4,"Astragalus_scaphoides_2","Sheep Corral Gulch",-113.7,45,11,6.34600019454956,7.48999977111816
1985,5,"Astragalus_scaphoides_2","Sheep Corral Gulch",-113.7,45,11,10.6450004577637,50.9930000305176
1985,6,"Astragalus_scaphoides_2","Sheep Corral Gulch",-113.7,45,11,14.9010009765625,10.8489999771118
1985,7,"Astragalus_scaphoides_2","Sheep Corral Gulch",-113.7,45,11,21.1300010681152,23.386999130249
1985,8,"Astragalus_scaphoides_2","Sheep Corral Gulch",-113.7,45,11,16.3620014190674,24.3050003051758
1985,9,"Astragalus_scaphoides_2","Sheep Corral Gulch",-113.7,45,11,10.1330003738403,58.9020004272461
1985,10,"Astragalus_scaphoides_2","Sheep Corral Gulch",-113.7,45,11,4.97000026702881,12.0670003890991
1985,11,"Astragalus_scaphoides_2","Sheep Corral Gulch",-113.7,45,11,-6.36600017547607,28.2430000305176
1985,12,"Astragalus_scaphoides_2","Sheep Corral Gulch",-113.7,45,11,-9.56300067901611,12.1440000534058
1986,1,"Astragalus_scaphoides_2","Sheep Corral Gulch",-113.7,45,11,-4.8430004119873,20.9459991455078
1986,2,"Astragalus_scaphoides_2","Sheep Corral Gulch",-113.7,45,11,-0.873000025749207,57.6520004272461
1986,3,"Astragalus_scaphoides_2","Sheep Corral Gulch",-113.7,45,11,4.09899997711182,16.9790000915527
1986,4,"Astragalus_scaphoides_2","Sheep Corral Gulch",-113.7,45,11,5.85100030899048,32.5200004577637
1986,5,"Astragalus_scaphoides_2","Sheep Corral Gulch",-113.7,45,11,10.2450008392334,37.5820007324219
1986,6,"Astragalus_scaphoides_2","Sheep Corral Gulch",-113.7,45,11,17.4120006561279,29.4349994659424
1986,7,"Astragalus_scaphoides_2","Sheep Corral Gulch",-113.7,45,11,17.246000289917,32.851001739502
1986,8,"Astragalus_scaphoides_2","Sheep Corral Gulch",-113.7,45,11,19.9540004730225,41.8600006103516
1986,9,"Astragalus_scaphoides_2","Sheep Corral Gulch",-113.7,45,11,9.81100082397461,53.9049987792969
1986,10,"Astragalus_scaphoides_2","Sheep Corral Gulch",-113.7,45,11,7.54200029373169,13.2519998550415
1986,11,"Astragalus_scaphoides_2","Sheep Corral Gulch",-113.7,45,11,-0.428000032901764,29.056999206543
1986,12,"Astragalus_scaphoides_2","Sheep Corral Gulch",-113.7,45,11,-5.18000030517578,7.08400011062622
1987,1,"Astragalus_scaphoides_2","Sheep Corral Gulch",-113.7,45,11,-6.27500009536743,14.9870004653931
1987,2,"Astragalus_scaphoides_2","Sheep Corral Gulch",-113.7,45,11,-1.24400007724762,14.8769998550415
1987,3,"Astragalus_scaphoides_2","Sheep Corral Gulch",-113.7,45,11,1.7610000371933,21.488000869751
1987,4,"Astragalus_scaphoides_2","Sheep Corral Gulch",-113.7,45,11,9.22100067138672,8.22900009155273
1987,5,"Astragalus_scaphoides_2","Sheep Corral Gulch",-113.7,45,11,12.1260004043579,67.6019973754883
1987,6,"Astragalus_scaphoides_2","Sheep Corral Gulch",-113.7,45,11,15.6240005493164,29.6700000762939
1987,7,"Astragalus_scaphoides_2","Sheep Corral Gulch",-113.7,45,11,17.121000289917,65.3740005493164
1987,8,"Astragalus_scaphoides_2","Sheep Corral Gulch",-113.7,45,11,16.5,24.2789993286133
1987,9,"Astragalus_scaphoides_2","Sheep Corral Gulch",-113.7,45,11,15.1050004959106,0.273000001907349
1987,10,"Astragalus_scaphoides_2","Sheep Corral Gulch",-113.7,45,11,9.10400009155273,0.20100000500679
1987,11,"Astragalus_scaphoides_2","Sheep Corral Gulch",-113.7,45,11,0.861000061035156,12.8369998931885
1987,12,"Astragalus_scaphoides_2","Sheep Corral Gulch",-113.7,45,11,-5.01700019836426,27.9099998474121
1988,1,"Astragalus_scaphoides_2","Sheep Corral Gulch",-113.7,45,11,-7.24600028991699,20.6809997558594
1988,2,"Astragalus_scaphoides_2","Sheep Corral Gulch",-113.7,45,11,-2.2350001335144,16.4409999847412
1988,3,"Astragalus_scaphoides_2","Sheep Corral Gulch",-113.7,45,11,0.540000021457672,18.2779998779297
1988,4,"Astragalus_scaphoides_2","Sheep Corral Gulch",-113.7,45,11,6.67600011825562,44.0340003967285
1988,5,"Astragalus_scaphoides_2","Sheep Corral Gulch",-113.7,45,11,10.0300006866455,48.6759986877441
1988,6,"Astragalus_scaphoides_2","Sheep Corral Gulch",-113.7,45,11,17.3290004730225,24.3899993896484
1988,7,"Astragalus_scaphoides_2","Sheep Corral Gulch",-113.7,45,11,20.3210010528564,1.35000002384186
1988,8,"Astragalus_scaphoides_2","Sheep Corral Gulch",-113.7,45,11,18.1650009155273,11.2959995269775
1988,9,"Astragalus_scaphoides_2","Sheep Corral Gulch",-113.7,45,11,12.4020004272461,6.0770001411438
1988,10,"Astragalus_scaphoides_2","Sheep Corral Gulch",-113.7,45,11,10.3580007553101,5.76999998092651
1988,11,"Astragalus_scaphoides_2","Sheep Corral Gulch",-113.7,45,11,-2.35199999809265,50.2150001525879
1988,12,"Astragalus_scaphoides_2","Sheep Corral Gulch",-113.7,45,11,-7.38200044631958,11.1990003585815
1989,1,"Astragalus_scaphoides_2","Sheep Corral Gulch",-113.7,45,11,-6.5620002746582,28.2740001678467
1989,2,"Astragalus_scaphoides_2","Sheep Corral Gulch",-113.7,45,11,-9.00800037384033,20.6830005645752
1989,3,"Astragalus_scaphoides_2","Sheep Corral Gulch",-113.7,45,11,0.303000003099442,34.4830017089844
1989,4,"Astragalus_scaphoides_2","Sheep Corral Gulch",-113.7,45,11,5.87600040435791,8.76799964904785
1989,5,"Astragalus_scaphoides_2","Sheep Corral Gulch",-113.7,45,11,8.69500064849854,38.6069984436035
1989,6,"Astragalus_scaphoides_2","Sheep Corral Gulch",-113.7,45,11,14.2680006027222,21.7339992523193
1989,7,"Astragalus_scaphoides_2","Sheep Corral Gulch",-113.7,45,11,20.2250003814697,19.1219997406006
1989,8,"Astragalus_scaphoides_2","Sheep Corral Gulch",-113.7,45,11,16.5650005340576,38.2970008850098
1989,9,"Astragalus_scaphoides_2","Sheep Corral Gulch",-113.7,45,11,12.8930006027222,16.5650005340576
1989,10,"Astragalus_scaphoides_2","Sheep Corral Gulch",-113.7,45,11,6.16800022125244,26.7999992370605
1989,11,"Astragalus_scaphoides_2","Sheep Corral Gulch",-113.7,45,11,-0.138000011444092,11.9029998779297
1989,12,"Astragalus_scaphoides_2","Sheep Corral Gulch",-113.7,45,11,-4.90200042724609,16.7530002593994
1990,1,"Astragalus_scaphoides_2","Sheep Corral Gulch",-113.7,45,11,-4.31800031661987,31.1229991912842
1990,2,"Astragalus_scaphoides_2","Sheep Corral Gulch",-113.7,45,11,-5.1870002746582,3.90300011634827
1990,3,"Astragalus_scaphoides_2","Sheep Corral Gulch",-113.7,45,11,0.706000030040741,18.8379993438721
1990,4,"Astragalus_scaphoides_2","Sheep Corral Gulch",-113.7,45,11,7.22900056838989,33.0859985351562
1990,5,"Astragalus_scaphoides_2","Sheep Corral Gulch",-113.7,45,11,7.90900039672852,47.8969993591309
1990,6,"Astragalus_scaphoides_2","Sheep Corral Gulch",-113.7,45,11,12.9630002975464,34.4930000305176
1990,7,"Astragalus_scaphoides_2","Sheep Corral Gulch",-113.7,45,11,18.7720012664795,27.94700050354
1990,8,"Astragalus_scaphoides_2","Sheep Corral Gulch",-113.7,45,11,18.5550003051758,53.0190010070801
1990,9,"Astragalus_scaphoides_2","Sheep Corral Gulch",-113.7,45,11,17.2850017547607,8.52799987792969
1990,10,"Astragalus_scaphoides_2","Sheep Corral Gulch",-113.7,45,11,5.83300018310547,20.1389999389648
1990,11,"Astragalus_scaphoides_2","Sheep Corral Gulch",-113.7,45,11,0.526000022888184,21.2530002593994
1990,12,"Astragalus_scaphoides_2","Sheep Corral Gulch",-113.7,45,11,-11.5110006332397,23.0939998626709
1991,1,"Astragalus_scaphoides_2","Sheep Corral Gulch",-113.7,45,11,-7.8120002746582,13.6000003814697
1991,2,"Astragalus_scaphoides_2","Sheep Corral Gulch",-113.7,45,11,0.424000024795532,7.22900009155273
1991,3,"Astragalus_scaphoides_2","Sheep Corral Gulch",-113.7,45,11,0.463000029325485,34.2000007629395
1991,4,"Astragalus_scaphoides_2","Sheep Corral Gulch",-113.7,45,11,3.97500014305115,32.8059997558594
1991,5,"Astragalus_scaphoides_2","Sheep Corral Gulch",-113.7,45,11,7.92900037765503,52.5670013427734
1991,6,"Astragalus_scaphoides_2","Sheep Corral Gulch",-113.7,45,11,12.8900003433228,60.0789985656738
1991,7,"Astragalus_scaphoides_2","Sheep Corral Gulch",-113.7,45,11,20.4180011749268,6.96500015258789
1991,8,"Astragalus_scaphoides_2","Sheep Corral Gulch",-113.7,45,11,20.9230003356934,15.5909996032715
1991,9,"Astragalus_scaphoides_2","Sheep Corral Gulch",-113.7,45,11,14.823000907898,21.9869995117188
1991,10,"Astragalus_scaphoides_2","Sheep Corral Gulch",-113.7,45,11,6.06300020217896,26.8309993743896
1991,11,"Astragalus_scaphoides_2","Sheep Corral Gulch",-113.7,45,11,-3.41300010681152,65.1620025634766
1991,12,"Astragalus_scaphoides_2","Sheep Corral Gulch",-113.7,45,11,-5.69700050354004,16.7189998626709
1992,1,"Astragalus_scaphoides_2","Sheep Corral Gulch",-113.7,45,11,-5.81400012969971,6.06899976730347
1992,2,"Astragalus_scaphoides_2","Sheep Corral Gulch",-113.7,45,11,-0.431000024080276,15.5819997787476
1992,3,"Astragalus_scaphoides_2","Sheep Corral Gulch",-113.7,45,11,4.16300010681152,9.2189998626709
1992,4,"Astragalus_scaphoides_2","Sheep Corral Gulch",-113.7,45,11,7.2350001335144,18.6340007781982
1992,5,"Astragalus_scaphoides_2","Sheep Corral Gulch",-113.7,45,11,12.0000009536743,14.3590002059937
1992,6,"Astragalus_scaphoides_2","Sheep Corral Gulch",-113.7,45,11,16.3090000152588,71.5550003051758
1992,7,"Astragalus_scaphoides_2","Sheep Corral Gulch",-113.7,45,11,15.6160011291504,35.7799987792969
1992,8,"Astragalus_scaphoides_2","Sheep Corral Gulch",-113.7,45,11,17.9400005340576,3.38800001144409
1992,9,"Astragalus_scaphoides_2","Sheep Corral Gulch",-113.7,45,11,11.2660007476807,17.5559997558594
1992,10,"Astragalus_scaphoides_2","Sheep Corral Gulch",-113.7,45,11,7.78300046920776,37.1230010986328
1992,11,"Astragalus_scaphoides_2","Sheep Corral Gulch",-113.7,45,11,-3.53300023078918,23.9139995574951
1992,12,"Astragalus_scaphoides_2","Sheep Corral Gulch",-113.7,45,11,-7.78500032424927,35.7680015563965
1993,1,"Astragalus_scaphoides_2","Sheep Corral Gulch",-113.7,45,11,-10.0490007400513,17.5520000457764
1993,2,"Astragalus_scaphoides_2","Sheep Corral Gulch",-113.7,45,11,-6.7950005531311,13.9879999160767
1993,3,"Astragalus_scaphoides_2","Sheep Corral Gulch",-113.7,45,11,1.11100006103516,33.9249992370605
1993,4,"Astragalus_scaphoides_2","Sheep Corral Gulch",-113.7,45,11,3.92200016975403,38.2849998474121
1993,5,"Astragalus_scaphoides_2","Sheep Corral Gulch",-113.7,45,11,11.903000831604,29.8780002593994
1993,6,"Astragalus_scaphoides_2","Sheep Corral Gulch",-113.7,45,11,11.8590002059937,82.4970016479492
1993,7,"Astragalus_scaphoides_2","Sheep Corral Gulch",-113.7,45,11,12.7250003814697,57.5970001220703
1993,8,"Astragalus_scaphoides_2","Sheep Corral Gulch",-113.7,45,11,15.4110012054443,40.1699981689453
1993,9,"Astragalus_scaphoides_2","Sheep Corral Gulch",-113.7,45,11,12.6390008926392,3.05699992179871
1993,10,"Astragalus_scaphoides_2","Sheep Corral Gulch",-113.7,45,11,7.1870002746582,18.3969993591309
1993,11,"Astragalus_scaphoides_2","Sheep Corral Gulch",-113.7,45,11,-3.7590000629425,9.24100017547607
1993,12,"Astragalus_scaphoides_2","Sheep Corral Gulch",-113.7,45,11,-5.38800048828125,13.3970003128052
1994,1,"Astragalus_scaphoides_2","Sheep Corral Gulch",-113.7,45,11,-4.34899997711182,24.3950004577637
1994,2,"Astragalus_scaphoides_2","Sheep Corral Gulch",-113.7,45,11,-5.22800016403198,33.1520004272461
1994,3,"Astragalus_scaphoides_2","Sheep Corral Gulch",-113.7,45,11,1.95400011539459,6.99200010299683
1994,4,"Astragalus_scaphoides_2","Sheep Corral Gulch",-113.7,45,11,6.45100021362305,25.9930000305176
1994,5,"Astragalus_scaphoides_2","Sheep Corral Gulch",-113.7,45,11,11.4050006866455,42.117000579834
1994,6,"Astragalus_scaphoides_2","Sheep Corral Gulch",-113.7,45,11,14.3950004577637,23.1110000610352
1994,7,"Astragalus_scaphoides_2","Sheep Corral Gulch",-113.7,45,11,18.5840015411377,19.4489994049072
1994,8,"Astragalus_scaphoides_2","Sheep Corral Gulch",-113.7,45,11,19.75,8.59700012207031
1994,9,"Astragalus_scaphoides_2","Sheep Corral Gulch",-113.7,45,11,16.125,2.7260000705719
1994,10,"Astragalus_scaphoides_2","Sheep Corral Gulch",-113.7,45,11,5.73800039291382,27.7900009155273
1994,11,"Astragalus_scaphoides_2","Sheep Corral Gulch",-113.7,45,11,-4.00400018692017,34.6129989624023
1994,12,"Astragalus_scaphoides_2","Sheep Corral Gulch",-113.7,45,11,-5.27600002288818,26.4379997253418
1995,1,"Astragalus_scaphoides_2","Sheep Corral Gulch",-113.7,45,11,-6.94800043106079,28.5729999542236
1995,2,"Astragalus_scaphoides_2","Sheep Corral Gulch",-113.7,45,11,-0.47000002861023,10.5299997329712
1995,3,"Astragalus_scaphoides_2","Sheep Corral Gulch",-113.7,45,11,0.313000023365021,41.6650009155273
1995,4,"Astragalus_scaphoides_2","Sheep Corral Gulch",-113.7,45,11,4.05900001525879,41.4280014038086
1995,5,"Astragalus_scaphoides_2","Sheep Corral Gulch",-113.7,45,11,8.07999992370605,77.0780029296875
1995,6,"Astragalus_scaphoides_2","Sheep Corral Gulch",-113.7,45,11,12.4140005111694,70.6419982910156
1995,7,"Astragalus_scaphoides_2","Sheep Corral Gulch",-113.7,45,11,17.7580013275146,44.0670013427734
1995,8,"Astragalus_scaphoides_2","Sheep Corral Gulch",-113.7,45,11,18.0310001373291,10.6350002288818
1995,9,"Astragalus_scaphoides_2","Sheep Corral Gulch",-113.7,45,11,14.2960004806519,24.7049999237061
1995,10,"Astragalus_scaphoides_2","Sheep Corral Gulch",-113.7,45,11,4.26500034332275,23.0400009155273
1995,11,"Astragalus_scaphoides_2","Sheep Corral Gulch",-113.7,45,11,0.547000050544739,41.8310012817383
1995,12,"Astragalus_scaphoides_2","Sheep Corral Gulch",-113.7,45,11,-4.43600034713745,35.8310012817383
1996,1,"Astragalus_scaphoides_2","Sheep Corral Gulch",-113.7,45,11,-6.01000022888184,39.6959991455078
1996,2,"Astragalus_scaphoides_2","Sheep Corral Gulch",-113.7,45,11,-5.33000040054321,24.1660003662109
1996,3,"Astragalus_scaphoides_2","Sheep Corral Gulch",-113.7,45,11,0.0750000029802322,38.7610015869141
1996,4,"Astragalus_scaphoides_2","Sheep Corral Gulch",-113.7,45,11,5.05100011825562,32.2820014953613
1996,5,"Astragalus_scaphoides_2","Sheep Corral Gulch",-113.7,45,11,7.53700017929077,47.435001373291
1996,6,"Astragalus_scaphoides_2","Sheep Corral Gulch",-113.7,45,11,14.778000831604,17.242000579834
1996,7,"Astragalus_scaphoides_2","Sheep Corral Gulch",-113.7,45,11,21.0390014648438,5.74300003051758
1996,8,"Astragalus_scaphoides_2","Sheep Corral Gulch",-113.7,45,11,19.1580009460449,7.17999982833862
1996,9,"Astragalus_scaphoides_2","Sheep Corral Gulch",-113.7,45,11,12.0660009384155,5.89400005340576
1996,10,"Astragalus_scaphoides_2","Sheep Corral Gulch",-113.7,45,11,6.74300050735474,23.0060005187988
1996,11,"Astragalus_scaphoides_2","Sheep Corral Gulch",-113.7,45,11,-0.126000002026558,33.5279998779297
1996,12,"Astragalus_scaphoides_2","Sheep Corral Gulch",-113.7,45,11,-4.93200016021729,46.9539985656738
1997,1,"Astragalus_scaphoides_2","Sheep Corral Gulch",-113.7,45,11,-6.09500026702881,49.818000793457
1997,2,"Astragalus_scaphoides_2","Sheep Corral Gulch",-113.7,45,11,-3.89900016784668,21.6809997558594
1997,3,"Astragalus_scaphoides_2","Sheep Corral Gulch",-113.7,45,11,0.851000010967255,17.6909999847412
1997,4,"Astragalus_scaphoides_2","Sheep Corral Gulch",-113.7,45,11,2.96300005912781,37.3450012207031
1997,5,"Astragalus_scaphoides_2","Sheep Corral Gulch",-113.7,45,11,10.9300003051758,23.0970001220703
1997,6,"Astragalus_scaphoides_2","Sheep Corral Gulch",-113.7,45,11,14.6420011520386,65.9970016479492
1997,7,"Astragalus_scaphoides_2","Sheep Corral Gulch",-113.7,45,11,17.5150012969971,30.4570007324219
1997,8,"Astragalus_scaphoides_2","Sheep Corral Gulch",-113.7,45,11,18.4890003204346,28.6870002746582
1997,9,"Astragalus_scaphoides_2","Sheep Corral Gulch",-113.7,45,11,14.1600008010864,34.3699989318848
1997,10,"Astragalus_scaphoides_2","Sheep Corral Gulch",-113.7,45,11,5.78900051116943,50.2560005187988
1997,11,"Astragalus_scaphoides_2","Sheep Corral Gulch",-113.7,45,11,-0.386000007390976,18.0419998168945
1997,12,"Astragalus_scaphoides_2","Sheep Corral Gulch",-113.7,45,11,-7.3120002746582,13.6309995651245
1998,1,"Astragalus_scaphoides_2","Sheep Corral Gulch",-113.7,45,11,-4.09100008010864,44.8170013427734
1998,2,"Astragalus_scaphoides_2","Sheep Corral Gulch",-113.7,45,11,-3.08200025558472,17.1380004882812
1998,3,"Astragalus_scaphoides_2","Sheep Corral Gulch",-113.7,45,11,0.0930000022053719,11.3149995803833
1998,4,"Astragalus_scaphoides_2","Sheep Corral Gulch",-113.7,45,11,5.02500009536743,40.4700012207031
1998,5,"Astragalus_scaphoides_2","Sheep Corral Gulch",-113.7,45,11,10.3430004119873,56.2089996337891
1998,6,"Astragalus_scaphoides_2","Sheep Corral Gulch",-113.7,45,11,11.2730007171631,62.1259994506836
1998,7,"Astragalus_scaphoides_2","Sheep Corral Gulch",-113.7,45,11,21.5020008087158,37.8619995117188
1998,8,"Astragalus_scaphoides_2","Sheep Corral Gulch",-113.7,45,11,20.0470008850098,11.2749996185303
1998,9,"Astragalus_scaphoides_2","Sheep Corral Gulch",-113.7,45,11,16.3229999542236,29.7320003509521
1998,10,"Astragalus_scaphoides_2","Sheep Corral Gulch",-113.7,45,11,6.33500051498413,11.0609998703003
1998,11,"Astragalus_scaphoides_2","Sheep Corral Gulch",-113.7,45,11,1.25700008869171,32.2610015869141
1998,12,"Astragalus_scaphoides_2","Sheep Corral Gulch",-113.7,45,11,-6.72400045394897,36.7560005187988
1999,1,"Astragalus_scaphoides_2","Sheep Corral Gulch",-113.7,45,11,-3.39100027084351,31.1520004272461
1999,2,"Astragalus_scaphoides_2","Sheep Corral Gulch",-113.7,45,11,-3.65300011634827,25.9130001068115
1999,3,"Astragalus_scaphoides_2","Sheep Corral Gulch",-113.7,45,11,0.682000041007996,20.6749992370605
1999,4,"Astragalus_scaphoides_2","Sheep Corral Gulch",-113.7,45,11,3.60700011253357,15.9759998321533
1999,5,"Astragalus_scaphoides_2","Sheep Corral Gulch",-113.7,45,11,8.48300075531006,35.5550003051758
1999,6,"Astragalus_scaphoides_2","Sheep Corral Gulch",-113.7,45,11,13.2190008163452,35.7210006713867
1999,7,"Astragalus_scaphoides_2","Sheep Corral Gulch",-113.7,45,11,19.2850017547607,0
1999,8,"Astragalus_scaphoides_2","Sheep Corral Gulch",-113.7,45,11,19.4730014801025,20.9799995422363
1999,9,"Astragalus_scaphoides_2","Sheep Corral Gulch",-113.7,45,11,12.9140005111694,7.53200006484985
1999,10,"Astragalus_scaphoides_2","Sheep Corral Gulch",-113.7,45,11,8.66000080108643,7.00400018692017
1999,11,"Astragalus_scaphoides_2","Sheep Corral Gulch",-113.7,45,11,2.94900012016296,16.8150005340576
1999,12,"Astragalus_scaphoides_2","Sheep Corral Gulch",-113.7,45,11,-4.32400035858154,22.8509998321533
2000,1,"Astragalus_scaphoides_2","Sheep Corral Gulch",-113.7,45,11,-4.74600028991699,41.7879981994629
2000,2,"Astragalus_scaphoides_2","Sheep Corral Gulch",-113.7,45,11,-1.37600004673004,21.5359992980957
2000,3,"Astragalus_scaphoides_2","Sheep Corral Gulch",-113.7,45,11,1.4410001039505,16.2689990997314
2000,4,"Astragalus_scaphoides_2","Sheep Corral Gulch",-113.7,45,11,7.16800022125244,15.2410001754761
2000,5,"Astragalus_scaphoides_2","Sheep Corral Gulch",-113.7,45,11,9.95900058746338,29.9379997253418
2000,6,"Astragalus_scaphoides_2","Sheep Corral Gulch",-113.7,45,11,15.0030002593994,9.58899974822998
2000,7,"Astragalus_scaphoides_2","Sheep Corral Gulch",-113.7,45,11,19.6310005187988,7.14699983596802
2000,8,"Astragalus_scaphoides_2","Sheep Corral Gulch",-113.7,45,11,19.6140003204346,7.96400022506714
2000,9,"Astragalus_scaphoides_2","Sheep Corral Gulch",-113.7,45,11,12.1340007781982,25.1550006866455
2000,10,"Astragalus_scaphoides_2","Sheep Corral Gulch",-113.7,45,11,6.45700025558472,57.0169982910156
2000,11,"Astragalus_scaphoides_2","Sheep Corral Gulch",-113.7,45,11,-5.10400009155273,29.0979995727539
2000,12,"Astragalus_scaphoides_2","Sheep Corral Gulch",-113.7,45,11,-6.30000019073486,13.3430004119873
2001,1,"Astragalus_scaphoides_2","Sheep Corral Gulch",-113.7,45,11,-6.63000011444092,13.503999710083
2001,2,"Astragalus_scaphoides_2","Sheep Corral Gulch",-113.7,45,11,-4.80100011825562,14.6269998550415
2001,3,"Astragalus_scaphoides_2","Sheep Corral Gulch",-113.7,45,11,1.72800004482269,20.7169990539551
2001,4,"Astragalus_scaphoides_2","Sheep Corral Gulch",-113.7,45,11,4.25699996948242,46.2490005493164
2001,5,"Astragalus_scaphoides_2","Sheep Corral Gulch",-113.7,45,11,11.2590007781982,12.7019996643066
2001,6,"Astragalus_scaphoides_2","Sheep Corral Gulch",-113.7,45,11,14.3460006713867,36.5660018920898
2001,7,"Astragalus_scaphoides_2","Sheep Corral Gulch",-113.7,45,11,19.6200008392334,28.4950008392334
2001,8,"Astragalus_scaphoides_2","Sheep Corral Gulch",-113.7,45,11,20.6420001983643,3.54200005531311
2001,9,"Astragalus_scaphoides_2","Sheep Corral Gulch",-113.7,45,11,16.2790012359619,33.6949996948242
2001,10,"Astragalus_scaphoides_2","Sheep Corral Gulch",-113.7,45,11,7.00900030136108,22.1840000152588
2001,11,"Astragalus_scaphoides_2","Sheep Corral Gulch",-113.7,45,11,2.15200018882751,16.2169990539551
2001,12,"Astragalus_scaphoides_2","Sheep Corral Gulch",-113.7,45,11,-7.19900035858154,22.3810005187988
2002,1,"Astragalus_scaphoides_2","Sheep Corral Gulch",-113.7,45,11,-5.74300050735474,21.4969997406006
2002,2,"Astragalus_scaphoides_2","Sheep Corral Gulch",-113.7,45,11,-4.57000017166138,11.0170001983643
2002,3,"Astragalus_scaphoides_2","Sheep Corral Gulch",-113.7,45,11,-1.24600005149841,20.3349990844727
2002,4,"Astragalus_scaphoides_2","Sheep Corral Gulch",-113.7,45,11,4.6710000038147,30.9810009002686
2002,5,"Astragalus_scaphoides_2","Sheep Corral Gulch",-113.7,45,11,9.05000019073486,31.5610008239746
2002,6,"Astragalus_scaphoides_2","Sheep Corral Gulch",-113.7,45,11,14.8000011444092,43.3300018310547
2002,7,"Astragalus_scaphoides_2","Sheep Corral Gulch",-113.7,45,11,21.6410007476807,14.3520002365112
2002,8,"Astragalus_scaphoides_2","Sheep Corral Gulch",-113.7,45,11,17,22.1809997558594
2002,9,"Astragalus_scaphoides_2","Sheep Corral Gulch",-113.7,45,11,14.2920007705688,14.5010004043579
2002,10,"Astragalus_scaphoides_2","Sheep Corral Gulch",-113.7,45,11,4.93800020217896,6.05900001525879
2002,11,"Astragalus_scaphoides_2","Sheep Corral Gulch",-113.7,45,11,-1.42300009727478,21.3430004119873
2002,12,"Astragalus_scaphoides_2","Sheep Corral Gulch",-113.7,45,11,-3.41300010681152,14.3739995956421
2003,1,"Astragalus_scaphoides_2","Sheep Corral Gulch",-113.7,45,11,-2.64400005340576,35.9799995422363
2003,2,"Astragalus_scaphoides_2","Sheep Corral Gulch",-113.7,45,11,-4.11899995803833,39.1469993591309
2003,3,"Astragalus_scaphoides_2","Sheep Corral Gulch",-113.7,45,11,1.51900005340576,26.9009990692139
2003,4,"Astragalus_scaphoides_2","Sheep Corral Gulch",-113.7,45,11,4.97500038146973,46.1599998474121
2003,5,"Astragalus_scaphoides_2","Sheep Corral Gulch",-113.7,45,11,9.89200019836426,18.3959999084473
2003,6,"Astragalus_scaphoides_2","Sheep Corral Gulch",-113.7,45,11,15.3150005340576,10.5139999389648
2003,7,"Astragalus_scaphoides_2","Sheep Corral Gulch",-113.7,45,11,22.0930004119873,10.0729999542236
2003,8,"Astragalus_scaphoides_2","Sheep Corral Gulch",-113.7,45,11,21.4630012512207,22.1240005493164
2003,9,"Astragalus_scaphoides_2","Sheep Corral Gulch",-113.7,45,11,14.6880006790161,9.1269998550415
2003,10,"Astragalus_scaphoides_2","Sheep Corral Gulch",-113.7,45,11,9.86500072479248,7.75699996948242
2003,11,"Astragalus_scaphoides_2","Sheep Corral Gulch",-113.7,45,11,-3.3050000667572,15.8339996337891
2003,12,"Astragalus_scaphoides_2","Sheep Corral Gulch",-113.7,45,11,-3.92000007629395,29.056999206543
2004,1,"Astragalus_scaphoides_2","Sheep Corral Gulch",-113.7,45,11,-6.20800018310547,19.4459991455078
2004,2,"Astragalus_scaphoides_2","Sheep Corral Gulch",-113.7,45,11,-3.82200026512146,17.8819999694824
2004,3,"Astragalus_scaphoides_2","Sheep Corral Gulch",-113.7,45,11,4.13000011444092,5.20499992370605
2004,4,"Astragalus_scaphoides_2","Sheep Corral Gulch",-113.7,45,11,6.76700019836426,17.9459991455078
2004,5,"Astragalus_scaphoides_2","Sheep Corral Gulch",-113.7,45,11,9.43900012969971,62.7560005187988
2004,6,"Astragalus_scaphoides_2","Sheep Corral Gulch",-113.7,45,11,14.4290008544922,35.390998840332
2004,7,"Astragalus_scaphoides_2","Sheep Corral Gulch",-113.7,45,11,19.3500003814697,33.181999206543
2004,8,"Astragalus_scaphoides_2","Sheep Corral Gulch",-113.7,45,11,18.1150016784668,21.4260005950928
2004,9,"Astragalus_scaphoides_2","Sheep Corral Gulch",-113.7,45,11,12.323000907898,32.1360015869141
2004,10,"Astragalus_scaphoides_2","Sheep Corral Gulch",-113.7,45,11,7.37500047683716,33.992000579834
2004,11,"Astragalus_scaphoides_2","Sheep Corral Gulch",-113.7,45,11,-0.431000024080276,3.46300005912781
2004,12,"Astragalus_scaphoides_2","Sheep Corral Gulch",-113.7,45,11,-3.33400011062622,20.1490001678467
2005,1,"Astragalus_scaphoides_2","Sheep Corral Gulch",-113.7,45,11,-4.51200008392334,10.1789999008179
2005,2,"Astragalus_scaphoides_2","Sheep Corral Gulch",-113.7,45,11,-2.27600002288818,3.2039999961853
2005,3,"Astragalus_scaphoides_2","Sheep Corral Gulch",-113.7,45,11,1.9870001077652,16.07200050354
2005,4,"Astragalus_scaphoides_2","Sheep Corral Gulch",-113.7,45,11,5.52100038528442,19.4909992218018
2005,5,"Astragalus_scaphoides_2","Sheep Corral Gulch",-113.7,45,11,9.67300033569336,58.1040000915527
2005,6,"Astragalus_scaphoides_2","Sheep Corral Gulch",-113.7,45,11,12.2240009307861,64.2829971313477
2005,7,"Astragalus_scaphoides_2","Sheep Corral Gulch",-113.7,45,11,20.326000213623,4.15999984741211
2005,8,"Astragalus_scaphoides_2","Sheep Corral Gulch",-113.7,45,11,19.2880001068115,14.5670003890991
2005,9,"Astragalus_scaphoides_2","Sheep Corral Gulch",-113.7,45,11,13.1380004882812,21.3309993743896
2005,10,"Astragalus_scaphoides_2","Sheep Corral Gulch",-113.7,45,11,8.16600036621094,17.44700050354
2005,11,"Astragalus_scaphoides_2","Sheep Corral Gulch",-113.7,45,11,-2.34400010108948,47.6559982299805
2005,12,"Astragalus_scaphoides_2","Sheep Corral Gulch",-113.7,45,11,-7.1830005645752,25.7450008392334
2006,1,"Astragalus_scaphoides_2","Sheep Corral Gulch",-113.7,45,11,-3.30900025367737,37.9129981994629
2006,2,"Astragalus_scaphoides_2","Sheep Corral Gulch",-113.7,45,11,-5.42000007629395,10.1040000915527
2006,3,"Astragalus_scaphoides_2","Sheep Corral Gulch",-113.7,45,11,-0.0850000008940697,22.9669990539551
2006,4,"Astragalus_scaphoides_2","Sheep Corral Gulch",-113.7,45,11,6.05700016021729,49.6040000915527
2006,5,"Astragalus_scaphoides_2","Sheep Corral Gulch",-113.7,45,11,11.3100004196167,20.1560001373291
2006,6,"Astragalus_scaphoides_2","Sheep Corral Gulch",-113.7,45,11,15.903000831604,39.9650001525879
2006,7,"Astragalus_scaphoides_2","Sheep Corral Gulch",-113.7,45,11,22.4630012512207,9.0319995880127
2006,8,"Astragalus_scaphoides_2","Sheep Corral Gulch",-113.7,45,11,18.8240013122559,8.82699966430664
2006,9,"Astragalus_scaphoides_2","Sheep Corral Gulch",-113.7,45,11,13.0820007324219,28.3980007171631
2006,10,"Astragalus_scaphoides_2","Sheep Corral Gulch",-113.7,45,11,6.26100015640259,42.3930015563965
2006,11,"Astragalus_scaphoides_2","Sheep Corral Gulch",-113.7,45,11,0.06700000166893,24.2339992523193
2006,12,"Astragalus_scaphoides_2","Sheep Corral Gulch",-113.7,45,11,-4.8289999961853,18.9230003356934
2007,1,"Astragalus_scaphoides_2","Sheep Corral Gulch",-113.7,45,11,-7.29000043869019,10.6890001296997
2007,2,"Astragalus_scaphoides_2","Sheep Corral Gulch",-113.7,45,11,-1.76200008392334,30.0739994049072
2007,3,"Astragalus_scaphoides_2","Sheep Corral Gulch",-113.7,45,11,3.30900025367737,15.2910003662109
2007,4,"Astragalus_scaphoides_2","Sheep Corral Gulch",-113.7,45,11,6.05600023269653,20.9780006408691
2007,5,"Astragalus_scaphoides_2","Sheep Corral Gulch",-113.7,45,11,10.8320007324219,27.6700000762939
2007,6,"Astragalus_scaphoides_2","Sheep Corral Gulch",-113.7,45,11,15.9440011978149,37.3129997253418
2007,7,"Astragalus_scaphoides_2","Sheep Corral Gulch",-113.7,45,11,23.3320007324219,13.6850004196167
2007,8,"Astragalus_scaphoides_2","Sheep Corral Gulch",-113.7,45,11,19.7120018005371,7.75400018692017
2007,9,"Astragalus_scaphoides_2","Sheep Corral Gulch",-113.7,45,11,13.0070009231567,34.3300018310547
2007,10,"Astragalus_scaphoides_2","Sheep Corral Gulch",-113.7,45,11,5.83000040054321,32.9220008850098
2007,11,"Astragalus_scaphoides_2","Sheep Corral Gulch",-113.7,45,11,0.0420000031590462,20.5990009307861
2007,12,"Astragalus_scaphoides_2","Sheep Corral Gulch",-113.7,45,11,-6.24300050735474,29.7150001525879
2008,1,"Astragalus_scaphoides_2","Sheep Corral Gulch",-113.7,45,11,-8.11600017547607,25.2830009460449
2008,2,"Astragalus_scaphoides_2","Sheep Corral Gulch",-113.7,45,11,-2.59100008010864,12.9090003967285
2008,3,"Astragalus_scaphoides_2","Sheep Corral Gulch",-113.7,45,11,-1.28800010681152,18.8810005187988
2008,4,"Astragalus_scaphoides_2","Sheep Corral Gulch",-113.7,45,11,2.06700015068054,12.0659999847412
2008,5,"Astragalus_scaphoides_2","Sheep Corral Gulch",-113.7,45,11,8.92100048065186,36.6699981689453
2008,6,"Astragalus_scaphoides_2","Sheep Corral Gulch",-113.7,45,11,13.4760007858276,17.488000869751
2008,7,"Astragalus_scaphoides_2","Sheep Corral Gulch",-113.7,45,11,20.3280010223389,11.0419998168945
2008,8,"Astragalus_scaphoides_2","Sheep Corral Gulch",-113.7,45,11,19.4810009002686,9.10499954223633
2008,9,"Astragalus_scaphoides_2","Sheep Corral Gulch",-113.7,45,11,13.2110004425049,22.7889995574951
2008,10,"Astragalus_scaphoides_2","Sheep Corral Gulch",-113.7,45,11,6.70500040054321,13.4469995498657
2008,11,"Astragalus_scaphoides_2","Sheep Corral Gulch",-113.7,45,11,2.19100022315979,24.3759994506836
2008,12,"Astragalus_scaphoides_2","Sheep Corral Gulch",-113.7,45,11,-6.24700021743774,26.2880001068115
2009,1,"Astragalus_scaphoides_2","Sheep Corral Gulch",-113.7,45,11,-4.91700029373169,24.42799949646
2009,2,"Astragalus_scaphoides_2","Sheep Corral Gulch",-113.7,45,11,-2.0860002040863,8.6579999923706
2009,3,"Astragalus_scaphoides_2","Sheep Corral Gulch",-113.7,45,11,-1.0090000629425,48.5449981689453
2009,4,"Astragalus_scaphoides_2","Sheep Corral Gulch",-113.7,45,11,4.49300003051758,32.189998626709
2009,5,"Astragalus_scaphoides_2","Sheep Corral Gulch",-113.7,45,11,10.0490007400513,27.6580009460449
2009,6,"Astragalus_scaphoides_2","Sheep Corral Gulch",-113.7,45,11,13.3520002365112,70.6480026245117
2009,7,"Astragalus_scaphoides_2","Sheep Corral Gulch",-113.7,45,11,19.2840003967285,18.2329998016357
2009,8,"Astragalus_scaphoides_2","Sheep Corral Gulch",-113.7,45,11,18.2440013885498,45.5719985961914
2009,9,"Astragalus_scaphoides_2","Sheep Corral Gulch",-113.7,45,11,16.3580017089844,16.5849990844727
2009,10,"Astragalus_scaphoides_2","Sheep Corral Gulch",-113.7,45,11,3.47700023651123,29.6650009155273
2009,11,"Astragalus_scaphoides_2","Sheep Corral Gulch",-113.7,45,11,0.180000007152557,11.1049995422363
2009,12,"Astragalus_scaphoides_2","Sheep Corral Gulch",-113.7,45,11,-8.13500022888184,5.32800006866455
2010,1,"Astragalus_scaphoides_2","Sheep Corral Gulch",-113.7,45,11,-3.37700009346008,26.0200004577637
2010,2,"Astragalus_scaphoides_2","Sheep Corral Gulch",-113.7,45,11,-2.73200011253357,9.00899982452393
2010,3,"Astragalus_scaphoides_2","Sheep Corral Gulch",-113.7,45,11,2.20900011062622,13.5089998245239
2010,4,"Astragalus_scaphoides_2","Sheep Corral Gulch",-113.7,45,11,4.74400043487549,22.3250007629395
2010,5,"Astragalus_scaphoides_2","Sheep Corral Gulch",-113.7,45,11,6.39600038528442,64.0619964599609
2010,6,"Astragalus_scaphoides_2","Sheep Corral Gulch",-113.7,45,11,12.5940008163452,77.6829986572266
2010,7,"Astragalus_scaphoides_2","Sheep Corral Gulch",-113.7,45,11,18.4540004730225,11.1709995269775
2010,8,"Astragalus_scaphoides_2","Sheep Corral Gulch",-113.7,45,11,17.9930000305176,28.1959991455078
2010,9,"Astragalus_scaphoides_2","Sheep Corral Gulch",-113.7,45,11,14.0500001907349,32.7970008850098
2010,10,"Astragalus_scaphoides_2","Sheep Corral Gulch",-113.7,45,11,8.97600078582764,32.1669998168945
2010,11,"Astragalus_scaphoides_2","Sheep Corral Gulch",-113.7,45,11,-0.9200000166893,29.8379993438721
2010,12,"Astragalus_scaphoides_2","Sheep Corral Gulch",-113.7,45,11,-4.97400045394897,38.0180015563965
2011,1,"Astragalus_scaphoides_2","Sheep Corral Gulch",-113.7,45,11,-5.88300037384033,14.5799999237061
2011,2,"Astragalus_scaphoides_2","Sheep Corral Gulch",-113.7,45,11,-5.19000005722046,7.19999980926514
2011,3,"Astragalus_scaphoides_2","Sheep Corral Gulch",-113.7,45,11,0.293000012636185,30.2290000915527
2011,4,"Astragalus_scaphoides_2","Sheep Corral Gulch",-113.7,45,11,2.37100005149841,36.8300018310547
2011,5,"Astragalus_scaphoides_2","Sheep Corral Gulch",-113.7,45,11,7.73900032043457,58.0009994506836
2011,6,"Astragalus_scaphoides_2","Sheep Corral Gulch",-113.7,45,11,12.2630004882812,40.6459999084473
2011,7,"Astragalus_scaphoides_2","Sheep Corral Gulch",-113.7,45,11,19.3159999847412,23.0909996032715
2011,8,"Astragalus_scaphoides_2","Sheep Corral Gulch",-113.7,45,11,20.1940002441406,8.5329999923706
2011,9,"Astragalus_scaphoides_2","Sheep Corral Gulch",-113.7,45,11,15.448000907898,8.74100017547607
2011,10,"Astragalus_scaphoides_2","Sheep Corral Gulch",-113.7,45,11,7.63200044631958,38.8860015869141
2011,11,"Astragalus_scaphoides_2","Sheep Corral Gulch",-113.7,45,11,-1.46200001239777,17.3409996032715
2011,12,"Astragalus_scaphoides_2","Sheep Corral Gulch",-113.7,45,11,-5.02400016784668,20.6669998168945
2012,1,"Astragalus_scaphoides_2","Sheep Corral Gulch",-113.7,45,11,-3.57200026512146,13.9870004653931
2012,2,"Astragalus_scaphoides_2","Sheep Corral Gulch",-113.7,45,11,-2.80400013923645,13.0290002822876
2012,3,"Astragalus_scaphoides_2","Sheep Corral Gulch",-113.7,45,11,2.58300018310547,46.6889991760254
2012,4,"Astragalus_scaphoides_2","Sheep Corral Gulch",-113.7,45,11,7.0910005569458,13.3059997558594
2012,5,"Astragalus_scaphoides_2","Sheep Corral Gulch",-113.7,45,11,9.17400074005127,25.5687999725342
2012,6,"Astragalus_scaphoides_2","Sheep Corral Gulch",-113.7,45,11,14.6860008239746,12.8210000991821
2012,7,"Astragalus_scaphoides_2","Sheep Corral Gulch",-113.7,45,11,21.3400001525879,25.2600002288818
2012,8,"Astragalus_scaphoides_2","Sheep Corral Gulch",-113.7,45,11,20.234001159668,6.64900016784668
2012,9,"Astragalus_scaphoides_2","Sheep Corral Gulch",-113.7,45,11,15.206000328064,7.35799980163574
2012,10,"Astragalus_scaphoides_2","Sheep Corral Gulch",-113.7,45,11,6.52400016784668,27.4449996948242
2012,11,"Astragalus_scaphoides_2","Sheep Corral Gulch",-113.7,45,11,1.32500004768372,26.5599994659424
2012,12,"Astragalus_scaphoides_2","Sheep Corral Gulch",-113.7,45,11,-4.13000011444092,35.9095993041992
2013,1,"Astragalus_scaphoides_2","Sheep Corral Gulch",-113.7,45,11,-7.36100053787231,14.8520002365112
2013,2,"Astragalus_scaphoides_2","Sheep Corral Gulch",-113.7,45,11,-2.81000018119812,6.86600017547607
2013,3,"Astragalus_scaphoides_2","Sheep Corral Gulch",-113.7,45,11,0.76500004529953,8.09000015258789
2013,4,"Astragalus_scaphoides_2","Sheep Corral Gulch",-113.7,45,11,4.58900022506714,8.02099990844727
2013,5,"Astragalus_scaphoides_2","Sheep Corral Gulch",-113.7,45,11,10.7900009155273,35.2360000610352
2013,6,"Astragalus_scaphoides_2","Sheep Corral Gulch",-113.7,45,11,15.2400007247925,32.3440017700195
2013,7,"Astragalus_scaphoides_2","Sheep Corral Gulch",-113.7,45,11,21.5890007019043,18.8640003204346
2013,8,"Astragalus_scaphoides_2","Sheep Corral Gulch",-113.7,45,11,20.3350009918213,16.3379993438721
2013,9,"Astragalus_scaphoides_2","Sheep Corral Gulch",-113.7,45,11,14.6830005645752,46.3489990234375
2013,10,"Astragalus_scaphoides_2","Sheep Corral Gulch",-113.7,45,11,5.17400026321411,27.2730007171631
2013,11,"Astragalus_scaphoides_2","Sheep Corral Gulch",-113.7,45,11,-0.109000004827976,15.1879997253418
2013,12,"Astragalus_scaphoides_2","Sheep Corral Gulch",-113.7,45,11,-7.34800052642822,14.1140003204346
1981,1,"Silene_spaldingii","Eureka",-115.05,48.9666666666667,12,-2.24900007247925,33.4300003051758
1981,2,"Silene_spaldingii","Eureka",-115.05,48.9666666666667,12,-0.826000034809113,38.201000213623
1981,3,"Silene_spaldingii","Eureka",-115.05,48.9666666666667,12,3.23700022697449,22.2450008392334
1981,4,"Silene_spaldingii","Eureka",-115.05,48.9666666666667,12,6.95900011062622,36.810001373291
1981,5,"Silene_spaldingii","Eureka",-115.05,48.9666666666667,12,11.3290004730225,88.8190002441406
1981,6,"Silene_spaldingii","Eureka",-115.05,48.9666666666667,12,11.9370002746582,131.897994995117
1981,7,"Silene_spaldingii","Eureka",-115.05,48.9666666666667,12,16.6160011291504,54.6650009155273
1981,8,"Silene_spaldingii","Eureka",-115.05,48.9666666666667,12,19.576000213623,11.173999786377
1981,9,"Silene_spaldingii","Eureka",-115.05,48.9666666666667,12,12.701000213623,31.7770004272461
1981,10,"Silene_spaldingii","Eureka",-115.05,48.9666666666667,12,5.85200023651123,13.33899974823
1981,11,"Silene_spaldingii","Eureka",-115.05,48.9666666666667,12,2.2480001449585,39.0719985961914
1981,12,"Silene_spaldingii","Eureka",-115.05,48.9666666666667,12,-4.24700021743774,44.5190010070801
1982,1,"Silene_spaldingii","Eureka",-115.05,48.9666666666667,12,-7.56800031661987,67.1139984130859
1982,2,"Silene_spaldingii","Eureka",-115.05,48.9666666666667,12,-3.78500008583069,87.9820022583008
1982,3,"Silene_spaldingii","Eureka",-115.05,48.9666666666667,12,2.70100021362305,40.0579986572266
1982,4,"Silene_spaldingii","Eureka",-115.05,48.9666666666667,12,3.97900009155273,51.306999206543
1982,5,"Silene_spaldingii","Eureka",-115.05,48.9666666666667,12,9.875,34.2960014343262
1982,6,"Silene_spaldingii","Eureka",-115.05,48.9666666666667,12,15.7870006561279,76.0989990234375
1982,7,"Silene_spaldingii","Eureka",-115.05,48.9666666666667,12,16.3400001525879,64.370002746582
1982,8,"Silene_spaldingii","Eureka",-115.05,48.9666666666667,12,18.1160011291504,20.617000579834
1982,9,"Silene_spaldingii","Eureka",-115.05,48.9666666666667,12,12.6500005722046,54.1180000305176
1982,10,"Silene_spaldingii","Eureka",-115.05,48.9666666666667,12,5.90800046920776,18.4710006713867
1982,11,"Silene_spaldingii","Eureka",-115.05,48.9666666666667,12,-1.45100009441376,41.7680015563965
1982,12,"Silene_spaldingii","Eureka",-115.05,48.9666666666667,12,-4.84600019454956,53.523998260498
1983,1,"Silene_spaldingii","Eureka",-115.05,48.9666666666667,12,-0.870000064373016,38.5970001220703
1983,2,"Silene_spaldingii","Eureka",-115.05,48.9666666666667,12,1.10600006580353,24.7679996490479
1983,3,"Silene_spaldingii","Eureka",-115.05,48.9666666666667,12,3.62900018692017,48.0470008850098
1983,4,"Silene_spaldingii","Eureka",-115.05,48.9666666666667,12,6.15200042724609,51.9339981079102
1983,5,"Silene_spaldingii","Eureka",-115.05,48.9666666666667,12,11.1090002059937,20.3419990539551
1983,6,"Silene_spaldingii","Eureka",-115.05,48.9666666666667,12,14.0040006637573,74.4810028076172
1983,7,"Silene_spaldingii","Eureka",-115.05,48.9666666666667,12,16.2800006866455,90.7300033569336
1983,8,"Silene_spaldingii","Eureka",-115.05,48.9666666666667,12,19.1340007781982,34.5929985046387
1983,9,"Silene_spaldingii","Eureka",-115.05,48.9666666666667,12,10.7960004806519,19.3610000610352
1983,10,"Silene_spaldingii","Eureka",-115.05,48.9666666666667,12,6.6560001373291,20.3479995727539
1983,11,"Silene_spaldingii","Eureka",-115.05,48.9666666666667,12,2.54100012779236,65.9169998168945
1983,12,"Silene_spaldingii","Eureka",-115.05,48.9666666666667,12,-12.3350009918213,30.7099990844727
1984,1,"Silene_spaldingii","Eureka",-115.05,48.9666666666667,12,-2.53000020980835,20.6849994659424
1984,2,"Silene_spaldingii","Eureka",-115.05,48.9666666666667,12,0.587999999523163,9
1984,3,"Silene_spaldingii","Eureka",-115.05,48.9666666666667,12,3.89800024032593,28.4029998779297
1984,4,"Silene_spaldingii","Eureka",-115.05,48.9666666666667,12,6.52300024032593,32.7449989318848
1984,5,"Silene_spaldingii","Eureka",-115.05,48.9666666666667,12,9.25300025939941,75.609001159668
1984,6,"Silene_spaldingii","Eureka",-115.05,48.9666666666667,12,13.5380010604858,81.9059982299805
1984,7,"Silene_spaldingii","Eureka",-115.05,48.9666666666667,12,18.7240009307861,15.414999961853
1984,8,"Silene_spaldingii","Eureka",-115.05,48.9666666666667,12,18.7560005187988,24.6800003051758
1984,9,"Silene_spaldingii","Eureka",-115.05,48.9666666666667,12,10.363000869751,50.7410011291504
1984,10,"Silene_spaldingii","Eureka",-115.05,48.9666666666667,12,4.46600008010864,54.6080017089844
1984,11,"Silene_spaldingii","Eureka",-115.05,48.9666666666667,12,-0.0310000013560057,47.2700004577637
1984,12,"Silene_spaldingii","Eureka",-115.05,48.9666666666667,12,-7.71500015258789,44.1059989929199
1985,1,"Silene_spaldingii","Eureka",-115.05,48.9666666666667,12,-7.78500032424927,3.08999991416931
1985,2,"Silene_spaldingii","Eureka",-115.05,48.9666666666667,12,-5.93600034713745,28.2290000915527
1985,3,"Silene_spaldingii","Eureka",-115.05,48.9666666666667,12,1.09900009632111,12.9390001296997
1985,4,"Silene_spaldingii","Eureka",-115.05,48.9666666666667,12,7.43100023269653,19.4810009002686
1985,5,"Silene_spaldingii","Eureka",-115.05,48.9666666666667,12,12.6330003738403,43.9389991760254
1985,6,"Silene_spaldingii","Eureka",-115.05,48.9666666666667,12,14.3720006942749,61.5130004882812
1985,7,"Silene_spaldingii","Eureka",-115.05,48.9666666666667,12,21.3540000915527,6.64300012588501
1985,8,"Silene_spaldingii","Eureka",-115.05,48.9666666666667,12,16.6640014648438,29.0990009307861
1985,9,"Silene_spaldingii","Eureka",-115.05,48.9666666666667,12,10.0600004196167,109.130996704102
1985,10,"Silene_spaldingii","Eureka",-115.05,48.9666666666667,12,5.03700017929077,57.2750015258789
1985,11,"Silene_spaldingii","Eureka",-115.05,48.9666666666667,12,-8.82299995422363,52.4710006713867
1985,12,"Silene_spaldingii","Eureka",-115.05,48.9666666666667,12,-6.9980001449585,11.9370002746582
1986,1,"Silene_spaldingii","Eureka",-115.05,48.9666666666667,12,-2.08899998664856,58.484001159668
1986,2,"Silene_spaldingii","Eureka",-115.05,48.9666666666667,12,-4.24400043487549,58.9020004272461
1986,3,"Silene_spaldingii","Eureka",-115.05,48.9666666666667,12,5.60200023651123,24.4640007019043
1986,4,"Silene_spaldingii","Eureka",-115.05,48.9666666666667,12,6.70700025558472,27.6140003204346
1986,5,"Silene_spaldingii","Eureka",-115.05,48.9666666666667,12,11.8830003738403,70.8779983520508
1986,6,"Silene_spaldingii","Eureka",-115.05,48.9666666666667,12,17.6770000457764,74.1380004882812
1986,7,"Silene_spaldingii","Eureka",-115.05,48.9666666666667,12,16.0060005187988,56.0839996337891
1986,8,"Silene_spaldingii","Eureka",-115.05,48.9666666666667,12,19.3730010986328,20.1240005493164
1986,9,"Silene_spaldingii","Eureka",-115.05,48.9666666666667,12,10.246000289917,60.9729995727539
1986,10,"Silene_spaldingii","Eureka",-115.05,48.9666666666667,12,6.7330002784729,14.5659999847412
1986,11,"Silene_spaldingii","Eureka",-115.05,48.9666666666667,12,-0.700000047683716,58.4790000915527
1986,12,"Silene_spaldingii","Eureka",-115.05,48.9666666666667,12,-3.31000018119812,10.2959995269775
1987,1,"Silene_spaldingii","Eureka",-115.05,48.9666666666667,12,-4.29100036621094,15.8369998931885
1987,2,"Silene_spaldingii","Eureka",-115.05,48.9666666666667,12,-0.629000008106232,26.7590007781982
1987,3,"Silene_spaldingii","Eureka",-115.05,48.9666666666667,12,3.03200006484985,52.5309982299805
1987,4,"Silene_spaldingii","Eureka",-115.05,48.9666666666667,12,9.34400081634521,20.867000579834
1987,5,"Silene_spaldingii","Eureka",-115.05,48.9666666666667,12,13.0140008926392,47.9160003662109
1987,6,"Silene_spaldingii","Eureka",-115.05,48.9666666666667,12,17.1370010375977,46.25
1987,7,"Silene_spaldingii","Eureka",-115.05,48.9666666666667,12,18.4640007019043,98.9649963378906
1987,8,"Silene_spaldingii","Eureka",-115.05,48.9666666666667,12,16.5750007629395,42.8950004577637
1987,9,"Silene_spaldingii","Eureka",-115.05,48.9666666666667,12,14.5460004806519,11.460000038147
1987,10,"Silene_spaldingii","Eureka",-115.05,48.9666666666667,12,6.44200038909912,4.27400016784668
1987,11,"Silene_spaldingii","Eureka",-115.05,48.9666666666667,12,2.14600014686584,12.9449996948242
1987,12,"Silene_spaldingii","Eureka",-115.05,48.9666666666667,12,-4.22399997711182,47.0950012207031
1988,1,"Silene_spaldingii","Eureka",-115.05,48.9666666666667,12,-7.48200035095215,29.8509998321533
1988,2,"Silene_spaldingii","Eureka",-115.05,48.9666666666667,12,-0.858000040054321,16.3619995117188
1988,3,"Silene_spaldingii","Eureka",-115.05,48.9666666666667,12,3.54300022125244,33.9480018615723
1988,4,"Silene_spaldingii","Eureka",-115.05,48.9666666666667,12,8.80100059509277,34.1679992675781
1988,5,"Silene_spaldingii","Eureka",-115.05,48.9666666666667,12,11.8240003585815,57.6539993286133
1988,6,"Silene_spaldingii","Eureka",-115.05,48.9666666666667,12,16.6230010986328,48.8089981079102
1988,7,"Silene_spaldingii","Eureka",-115.05,48.9666666666667,12,17.9720001220703,24.7369995117188
1988,8,"Silene_spaldingii","Eureka",-115.05,48.9666666666667,12,18.0050010681152,12.0430002212524
1988,9,"Silene_spaldingii","Eureka",-115.05,48.9666666666667,12,12.4600009918213,47.4059982299805
1988,10,"Silene_spaldingii","Eureka",-115.05,48.9666666666667,12,8.52200031280518,24.0909996032715
1988,11,"Silene_spaldingii","Eureka",-115.05,48.9666666666667,12,2.15500020980835,44.8359985351562
1988,12,"Silene_spaldingii","Eureka",-115.05,48.9666666666667,12,-4.03999996185303,31.6620006561279
1989,1,"Silene_spaldingii","Eureka",-115.05,48.9666666666667,12,-3.90900015830994,36.4230003356934
1989,2,"Silene_spaldingii","Eureka",-115.05,48.9666666666667,12,-9.41600036621094,24.4260005950928
1989,3,"Silene_spaldingii","Eureka",-115.05,48.9666666666667,12,-0.433000028133392,54.4609985351562
1989,4,"Silene_spaldingii","Eureka",-115.05,48.9666666666667,12,7.37600040435791,33.3349990844727
1989,5,"Silene_spaldingii","Eureka",-115.05,48.9666666666667,12,10.8210000991821,68.0019989013672
1989,6,"Silene_spaldingii","Eureka",-115.05,48.9666666666667,12,15.8740005493164,33.5180015563965
1989,7,"Silene_spaldingii","Eureka",-115.05,48.9666666666667,12,19.0780010223389,48.9739990234375
1989,8,"Silene_spaldingii","Eureka",-115.05,48.9666666666667,12,16.7680015563965,118.833999633789
1989,9,"Silene_spaldingii","Eureka",-115.05,48.9666666666667,12,11.94700050354,26.2910003662109
1989,10,"Silene_spaldingii","Eureka",-115.05,48.9666666666667,12,6.30000019073486,34.5859985351562
1989,11,"Silene_spaldingii","Eureka",-115.05,48.9666666666667,12,2.18800020217896,68.8170013427734
1989,12,"Silene_spaldingii","Eureka",-115.05,48.9666666666667,12,-3.7810001373291,38.9749984741211
1990,1,"Silene_spaldingii","Eureka",-115.05,48.9666666666667,12,-1.60300004482269,77.0260009765625
1990,2,"Silene_spaldingii","Eureka",-115.05,48.9666666666667,12,-3.77600026130676,33.2709999084473
1990,3,"Silene_spaldingii","Eureka",-115.05,48.9666666666667,12,2.14900016784668,23.55299949646
1990,4,"Silene_spaldingii","Eureka",-115.05,48.9666666666667,12,7.60900020599365,34.7210006713867
1990,5,"Silene_spaldingii","Eureka",-115.05,48.9666666666667,12,9.84000015258789,115.246002197266
1990,6,"Silene_spaldingii","Eureka",-115.05,48.9666666666667,12,14.1200008392334,56.1370010375977
1990,7,"Silene_spaldingii","Eureka",-115.05,48.9666666666667,12,18.7630004882812,57.8240013122559
1990,8,"Silene_spaldingii","Eureka",-115.05,48.9666666666667,12,19.0130004882812,48.4189987182617
1990,9,"Silene_spaldingii","Eureka",-115.05,48.9666666666667,12,15.814001083374,0.540000021457672
1990,10,"Silene_spaldingii","Eureka",-115.05,48.9666666666667,12,5.76800012588501,50.6399993896484
1990,11,"Silene_spaldingii","Eureka",-115.05,48.9666666666667,12,2.62600016593933,64.286003112793
1990,12,"Silene_spaldingii","Eureka",-115.05,48.9666666666667,12,-8.6200008392334,45.3030014038086
1991,1,"Silene_spaldingii","Eureka",-115.05,48.9666666666667,12,-8.44400024414062,49.9140014648438
1991,2,"Silene_spaldingii","Eureka",-115.05,48.9666666666667,12,2.52400016784668,4.84600019454956
1991,3,"Silene_spaldingii","Eureka",-115.05,48.9666666666667,12,0.397000014781952,33.5750007629395
1991,4,"Silene_spaldingii","Eureka",-115.05,48.9666666666667,12,6.61400032043457,38.1129989624023
1991,5,"Silene_spaldingii","Eureka",-115.05,48.9666666666667,12,10.327000617981,63.5699996948242
1991,6,"Silene_spaldingii","Eureka",-115.05,48.9666666666667,12,13.5540008544922,94.5449981689453
1991,7,"Silene_spaldingii","Eureka",-115.05,48.9666666666667,12,18.3910007476807,20.3080005645752
1991,8,"Silene_spaldingii","Eureka",-115.05,48.9666666666667,12,19.310001373291,19.4200000762939
1991,9,"Silene_spaldingii","Eureka",-115.05,48.9666666666667,12,13.9230003356934,14.1180000305176
1991,10,"Silene_spaldingii","Eureka",-115.05,48.9666666666667,12,6.10100030899048,14.2180004119873
1991,11,"Silene_spaldingii","Eureka",-115.05,48.9666666666667,12,-0.706000030040741,44.3790016174316
1991,12,"Silene_spaldingii","Eureka",-115.05,48.9666666666667,12,-2.36100006103516,27.6100006103516
1992,1,"Silene_spaldingii","Eureka",-115.05,48.9666666666667,12,-1.39200007915497,27.6399993896484
1992,2,"Silene_spaldingii","Eureka",-115.05,48.9666666666667,12,1.17900002002716,21.6979999542236
1992,3,"Silene_spaldingii","Eureka",-115.05,48.9666666666667,12,4.9980001449585,14.621000289917
1992,4,"Silene_spaldingii","Eureka",-115.05,48.9666666666667,12,8.24100017547607,29.1989994049072
1992,5,"Silene_spaldingii","Eureka",-115.05,48.9666666666667,12,12.8030004501343,43.632999420166
1992,6,"Silene_spaldingii","Eureka",-115.05,48.9666666666667,12,18.242000579834,76.2630004882812
1992,7,"Silene_spaldingii","Eureka",-115.05,48.9666666666667,12,17.0960006713867,62.4550018310547
1992,8,"Silene_spaldingii","Eureka",-115.05,48.9666666666667,12,17.7940006256104,32.0950012207031
1992,9,"Silene_spaldingii","Eureka",-115.05,48.9666666666667,12,11.5120000839233,34.4780006408691
1992,10,"Silene_spaldingii","Eureka",-115.05,48.9666666666667,12,8.44500064849854,18.1979999542236
1992,11,"Silene_spaldingii","Eureka",-115.05,48.9666666666667,12,1.24800002574921,32.7350006103516
1992,12,"Silene_spaldingii","Eureka",-115.05,48.9666666666667,12,-8.35599994659424,51.8629989624023
1993,1,"Silene_spaldingii","Eureka",-115.05,48.9666666666667,12,-10.451000213623,30.0580005645752
1993,2,"Silene_spaldingii","Eureka",-115.05,48.9666666666667,12,-6.75700044631958,18.8780002593994
1993,3,"Silene_spaldingii","Eureka",-115.05,48.9666666666667,12,2.58300018310547,10.0290002822876
1993,4,"Silene_spaldingii","Eureka",-115.05,48.9666666666667,12,7.58000040054321,48.4129981994629
1993,5,"Silene_spaldingii","Eureka",-115.05,48.9666666666667,12,14.4890003204346,57.3889999389648
1993,6,"Silene_spaldingii","Eureka",-115.05,48.9666666666667,12,14.6660003662109,96.5619964599609
1993,7,"Silene_spaldingii","Eureka",-115.05,48.9666666666667,12,14.5370006561279,146.363998413086
1993,8,"Silene_spaldingii","Eureka",-115.05,48.9666666666667,12,16.6319999694824,41.2190017700195
1993,9,"Silene_spaldingii","Eureka",-115.05,48.9666666666667,12,12.451000213623,48.0929985046387
1993,10,"Silene_spaldingii","Eureka",-115.05,48.9666666666667,12,8.24200057983398,26.0650005340576
1993,11,"Silene_spaldingii","Eureka",-115.05,48.9666666666667,12,-3.68200016021729,23.507999420166
1993,12,"Silene_spaldingii","Eureka",-115.05,48.9666666666667,12,-2.77000021934509,20.7430000305176
1994,1,"Silene_spaldingii","Eureka",-115.05,48.9666666666667,12,0.695000052452087,18.5189990997314
1994,2,"Silene_spaldingii","Eureka",-115.05,48.9666666666667,12,-4.60400009155273,26.3770008087158
1994,3,"Silene_spaldingii","Eureka",-115.05,48.9666666666667,12,3.48600006103516,12.3819999694824
1994,4,"Silene_spaldingii","Eureka",-115.05,48.9666666666667,12,8.66000080108643,23.9610004425049
1994,5,"Silene_spaldingii","Eureka",-115.05,48.9666666666667,12,12.4860010147095,48.7879981994629
1994,6,"Silene_spaldingii","Eureka",-115.05,48.9666666666667,12,14.746000289917,54.1730003356934
1994,7,"Silene_spaldingii","Eureka",-115.05,48.9666666666667,12,20.246000289917,12.1180000305176
1994,8,"Silene_spaldingii","Eureka",-115.05,48.9666666666667,12,19.6540012359619,6.96600008010864
1994,9,"Silene_spaldingii","Eureka",-115.05,48.9666666666667,12,15.2590007781982,5.22599983215332
1994,10,"Silene_spaldingii","Eureka",-115.05,48.9666666666667,12,6.94500017166138,53.931999206543
1994,11,"Silene_spaldingii","Eureka",-115.05,48.9666666666667,12,-1.35000002384186,53.6590003967285
1994,12,"Silene_spaldingii","Eureka",-115.05,48.9666666666667,12,-4.10200023651123,30.0069999694824
1995,1,"Silene_spaldingii","Eureka",-115.05,48.9666666666667,12,-5.35500001907349,30.9769992828369
1995,2,"Silene_spaldingii","Eureka",-115.05,48.9666666666667,12,0.321000009775162,32.2910003662109
1995,3,"Silene_spaldingii","Eureka",-115.05,48.9666666666667,12,1.28700006008148,33.9259986877441
1995,4,"Silene_spaldingii","Eureka",-115.05,48.9666666666667,12,6.71900033950806,26.6620006561279
1995,5,"Silene_spaldingii","Eureka",-115.05,48.9666666666667,12,12.0550003051758,33.1790008544922
1995,6,"Silene_spaldingii","Eureka",-115.05,48.9666666666667,12,15.3040008544922,145.772003173828
1995,7,"Silene_spaldingii","Eureka",-115.05,48.9666666666667,12,18.5300006866455,65.7249984741211
1995,8,"Silene_spaldingii","Eureka",-115.05,48.9666666666667,12,16.3240013122559,34.0900001525879
1995,9,"Silene_spaldingii","Eureka",-115.05,48.9666666666667,12,14.323000907898,34.5349998474121
1995,10,"Silene_spaldingii","Eureka",-115.05,48.9666666666667,12,5.7480001449585,71.6760025024414
1995,11,"Silene_spaldingii","Eureka",-115.05,48.9666666666667,12,2.01300001144409,58.4710006713867
1995,12,"Silene_spaldingii","Eureka",-115.05,48.9666666666667,12,-4.10700035095215,55.7729988098145
1996,1,"Silene_spaldingii","Eureka",-115.05,48.9666666666667,12,-8.97500038146973,57.7680015563965
1996,2,"Silene_spaldingii","Eureka",-115.05,48.9666666666667,12,-5.43900012969971,55.1160011291504
1996,3,"Silene_spaldingii","Eureka",-115.05,48.9666666666667,12,-0.585000038146973,20.0860004425049
1996,4,"Silene_spaldingii","Eureka",-115.05,48.9666666666667,12,6.63800048828125,47.9780006408691
1996,5,"Silene_spaldingii","Eureka",-115.05,48.9666666666667,12,8.53600025177002,135.781005859375
1996,6,"Silene_spaldingii","Eureka",-115.05,48.9666666666667,12,14.8900003433228,41.0820007324219
1996,7,"Silene_spaldingii","Eureka",-115.05,48.9666666666667,12,19.0620002746582,16.0799999237061
1996,8,"Silene_spaldingii","Eureka",-115.05,48.9666666666667,12,18.2200012207031,25.2310009002686
1996,9,"Silene_spaldingii","Eureka",-115.05,48.9666666666667,12,11.2140007019043,46.0190010070801
1996,10,"Silene_spaldingii","Eureka",-115.05,48.9666666666667,12,5.62000036239624,43.4300003051758
1996,11,"Silene_spaldingii","Eureka",-115.05,48.9666666666667,12,-2.56700015068054,90.0019989013672
1996,12,"Silene_spaldingii","Eureka",-115.05,48.9666666666667,12,-8.153000831604,88.9240036010742
1997,1,"Silene_spaldingii","Eureka",-115.05,48.9666666666667,12,-7.57900047302246,44.1809997558594
1997,2,"Silene_spaldingii","Eureka",-115.05,48.9666666666667,12,-1.6800000667572,28.9349994659424
1997,3,"Silene_spaldingii","Eureka",-115.05,48.9666666666667,12,1.11300003528595,52.0439987182617
1997,4,"Silene_spaldingii","Eureka",-115.05,48.9666666666667,12,4.2790002822876,34.1119995117188
1997,5,"Silene_spaldingii","Eureka",-115.05,48.9666666666667,12,11.28600025177,49.5550003051758
1997,6,"Silene_spaldingii","Eureka",-115.05,48.9666666666667,12,14.8440008163452,73.1780014038086
1997,7,"Silene_spaldingii","Eureka",-115.05,48.9666666666667,12,17.9640007019043,51.1940002441406
1997,8,"Silene_spaldingii","Eureka",-115.05,48.9666666666667,12,18.5870018005371,26.451000213623
1997,9,"Silene_spaldingii","Eureka",-115.05,48.9666666666667,12,13.9500007629395,48.7369995117188
1997,10,"Silene_spaldingii","Eureka",-115.05,48.9666666666667,12,7.4060001373291,39.0320014953613
1997,11,"Silene_spaldingii","Eureka",-115.05,48.9666666666667,12,0.432000011205673,20.3759994506836
1997,12,"Silene_spaldingii","Eureka",-115.05,48.9666666666667,12,-2.91700005531311,10.5979995727539
1998,1,"Silene_spaldingii","Eureka",-115.05,48.9666666666667,12,-4.13000011444092,41.226001739502
1998,2,"Silene_spaldingii","Eureka",-115.05,48.9666666666667,12,0.726000010967255,2.96600008010864
1998,3,"Silene_spaldingii","Eureka",-115.05,48.9666666666667,12,2.34700012207031,36.9300003051758
1998,4,"Silene_spaldingii","Eureka",-115.05,48.9666666666667,12,6.8730001449585,33.6650009155273
1998,5,"Silene_spaldingii","Eureka",-115.05,48.9666666666667,12,12.8680009841919,132.151000976562
1998,6,"Silene_spaldingii","Eureka",-115.05,48.9666666666667,12,14.4680004119873,97.3470001220703
1998,7,"Silene_spaldingii","Eureka",-115.05,48.9666666666667,12,21.2430019378662,49.7779998779297
1998,8,"Silene_spaldingii","Eureka",-115.05,48.9666666666667,12,19.4720001220703,22.3939990997314
1998,9,"Silene_spaldingii","Eureka",-115.05,48.9666666666667,12,16.6770000457764,26.8910007476807
1998,10,"Silene_spaldingii","Eureka",-115.05,48.9666666666667,12,6.61100053787231,20.5709991455078
1998,11,"Silene_spaldingii","Eureka",-115.05,48.9666666666667,12,3.17000007629395,60.1660003662109
1998,12,"Silene_spaldingii","Eureka",-115.05,48.9666666666667,12,-2.94600009918213,64.2259979248047
1999,1,"Silene_spaldingii","Eureka",-115.05,48.9666666666667,12,-0.703000009059906,28.0009994506836
1999,2,"Silene_spaldingii","Eureka",-115.05,48.9666666666667,12,0.699000060558319,43.1209983825684
1999,3,"Silene_spaldingii","Eureka",-115.05,48.9666666666667,12,3.81300020217896,17.5009994506836
1999,4,"Silene_spaldingii","Eureka",-115.05,48.9666666666667,12,6.25900030136108,8.44600009918213
1999,5,"Silene_spaldingii","Eureka",-115.05,48.9666666666667,12,10.4320001602173,31.1539993286133
1999,6,"Silene_spaldingii","Eureka",-115.05,48.9666666666667,12,13.7650003433228,51.7589988708496
1999,7,"Silene_spaldingii","Eureka",-115.05,48.9666666666667,12,17.1270008087158,53.9280014038086
1999,8,"Silene_spaldingii","Eureka",-115.05,48.9666666666667,12,19.19700050354,30.7169990539551
1999,9,"Silene_spaldingii","Eureka",-115.05,48.9666666666667,12,12.617000579834,8.47399997711182
1999,10,"Silene_spaldingii","Eureka",-115.05,48.9666666666667,12,7.24700021743774,38.4259986877441
1999,11,"Silene_spaldingii","Eureka",-115.05,48.9666666666667,12,4.27500009536743,66.2630004882812
1999,12,"Silene_spaldingii","Eureka",-115.05,48.9666666666667,12,-0.868000030517578,28.8059997558594
2000,1,"Silene_spaldingii","Eureka",-115.05,48.9666666666667,12,-4.20100021362305,46.3619995117188
2000,2,"Silene_spaldingii","Eureka",-115.05,48.9666666666667,12,-2.16900014877319,29.6469993591309
2000,3,"Silene_spaldingii","Eureka",-115.05,48.9666666666667,12,3.40800023078918,22.4169998168945
2000,4,"Silene_spaldingii","Eureka",-115.05,48.9666666666667,12,7.14200019836426,30.2089996337891
2000,5,"Silene_spaldingii","Eureka",-115.05,48.9666666666667,12,10.9640007019043,33.4010009765625
2000,6,"Silene_spaldingii","Eureka",-115.05,48.9666666666667,12,14.7990007400513,47.3380012512207
2000,7,"Silene_spaldingii","Eureka",-115.05,48.9666666666667,12,18.5490016937256,22.1529998779297
2000,8,"Silene_spaldingii","Eureka",-115.05,48.9666666666667,12,18.5130004882812,16.0979995727539
2000,9,"Silene_spaldingii","Eureka",-115.05,48.9666666666667,12,12.068000793457,38.0509986877441
2000,10,"Silene_spaldingii","Eureka",-115.05,48.9666666666667,12,6.55800008773804,9.72299957275391
2000,11,"Silene_spaldingii","Eureka",-115.05,48.9666666666667,12,-3.12000012397766,14.2600002288818
2000,12,"Silene_spaldingii","Eureka",-115.05,48.9666666666667,12,-7.42500019073486,28.3740005493164
2001,1,"Silene_spaldingii","Eureka",-115.05,48.9666666666667,12,-3.91800022125244,14.8210000991821
2001,2,"Silene_spaldingii","Eureka",-115.05,48.9666666666667,12,-4.69000005722046,40.193000793457
2001,3,"Silene_spaldingii","Eureka",-115.05,48.9666666666667,12,2.64500021934509,15.8420000076294
2001,4,"Silene_spaldingii","Eureka",-115.05,48.9666666666667,12,4.97300004959106,57.0250015258789
2001,5,"Silene_spaldingii","Eureka",-115.05,48.9666666666667,12,12.3930006027222,23.6679992675781
2001,6,"Silene_spaldingii","Eureka",-115.05,48.9666666666667,12,13.7710008621216,67.9759979248047
2001,7,"Silene_spaldingii","Eureka",-115.05,48.9666666666667,12,18.5210018157959,25.0389995574951
2001,8,"Silene_spaldingii","Eureka",-115.05,48.9666666666667,12,19.7060012817383,6.5
2001,9,"Silene_spaldingii","Eureka",-115.05,48.9666666666667,12,15.8190011978149,17.7679996490479
2001,10,"Silene_spaldingii","Eureka",-115.05,48.9666666666667,12,6.54500007629395,40.2849998474121
2001,11,"Silene_spaldingii","Eureka",-115.05,48.9666666666667,12,2.96200013160706,30.1550006866455
2001,12,"Silene_spaldingii","Eureka",-115.05,48.9666666666667,12,-3.31900024414062,29.4810009002686
2002,1,"Silene_spaldingii","Eureka",-115.05,48.9666666666667,12,-3.11100006103516,37.7319984436035
2002,2,"Silene_spaldingii","Eureka",-115.05,48.9666666666667,12,-2.01400017738342,35.935001373291
2002,3,"Silene_spaldingii","Eureka",-115.05,48.9666666666667,12,-2.57100009918213,36.6780014038086
2002,4,"Silene_spaldingii","Eureka",-115.05,48.9666666666667,12,5.82100009918213,22.7779998779297
2002,5,"Silene_spaldingii","Eureka",-115.05,48.9666666666667,12,9.38300037384033,93.1149978637695
2002,6,"Silene_spaldingii","Eureka",-115.05,48.9666666666667,12,15.3450002670288,43.4659996032715
2002,7,"Silene_spaldingii","Eureka",-115.05,48.9666666666667,12,20.1380004882812,23.1900005340576
2002,8,"Silene_spaldingii","Eureka",-115.05,48.9666666666667,12,17.0620002746582,14.5620002746582
2002,9,"Silene_spaldingii","Eureka",-115.05,48.9666666666667,12,13.5670003890991,25.8369998931885
2002,10,"Silene_spaldingii","Eureka",-115.05,48.9666666666667,12,3.8600001335144,3.9210000038147
2002,11,"Silene_spaldingii","Eureka",-115.05,48.9666666666667,12,0.878000020980835,13.1719999313354
2002,12,"Silene_spaldingii","Eureka",-115.05,48.9666666666667,12,-2.27000021934509,52.5880012512207
2003,1,"Silene_spaldingii","Eureka",-115.05,48.9666666666667,12,-2.78300023078918,32.431999206543
2003,2,"Silene_spaldingii","Eureka",-115.05,48.9666666666667,12,-2.07100009918213,8.5
2003,3,"Silene_spaldingii","Eureka",-115.05,48.9666666666667,12,0.819000065326691,60.5340003967285
2003,4,"Silene_spaldingii","Eureka",-115.05,48.9666666666667,12,5.76800012588501,28.238000869751
2003,5,"Silene_spaldingii","Eureka",-115.05,48.9666666666667,12,10.2580003738403,36.8769989013672
2003,6,"Silene_spaldingii","Eureka",-115.05,48.9666666666667,12,16.0770015716553,53.4389991760254
2003,7,"Silene_spaldingii","Eureka",-115.05,48.9666666666667,12,21.1080017089844,1.77499997615814
2003,8,"Silene_spaldingii","Eureka",-115.05,48.9666666666667,12,20.9330005645752,10.8210000991821
2003,9,"Silene_spaldingii","Eureka",-115.05,48.9666666666667,12,14.7430009841919,31.625
2003,10,"Silene_spaldingii","Eureka",-115.05,48.9666666666667,12,8.60599994659424,33.4630012512207
2003,11,"Silene_spaldingii","Eureka",-115.05,48.9666666666667,12,-2.2039999961853,36.564998626709
2003,12,"Silene_spaldingii","Eureka",-115.05,48.9666666666667,12,-3.882000207901,20.19700050354
2004,1,"Silene_spaldingii","Eureka",-115.05,48.9666666666667,12,-5.8430004119873,41.685001373291
2004,2,"Silene_spaldingii","Eureka",-115.05,48.9666666666667,12,-0.92600005865097,9.93299961090088
2004,3,"Silene_spaldingii","Eureka",-115.05,48.9666666666667,12,4.45600032806396,11.3229999542236
2004,4,"Silene_spaldingii","Eureka",-115.05,48.9666666666667,12,8.37900066375732,43.484001159668
2004,5,"Silene_spaldingii","Eureka",-115.05,48.9666666666667,12,11.3360004425049,54.3380012512207
2004,6,"Silene_spaldingii","Eureka",-115.05,48.9666666666667,12,15.1200008392334,39.1910018920898
2004,7,"Silene_spaldingii","Eureka",-115.05,48.9666666666667,12,19.9360008239746,57.5369987487793
2004,8,"Silene_spaldingii","Eureka",-115.05,48.9666666666667,12,19.4590015411377,104.360000610352
2004,9,"Silene_spaldingii","Eureka",-115.05,48.9666666666667,12,12.8740005493164,53.5349998474121
2004,10,"Silene_spaldingii","Eureka",-115.05,48.9666666666667,12,7.37100028991699,37.0169982910156
2004,11,"Silene_spaldingii","Eureka",-115.05,48.9666666666667,12,1.42100012302399,16.7110004425049
2004,12,"Silene_spaldingii","Eureka",-115.05,48.9666666666667,12,-1.03800010681152,32.7319984436035
2005,1,"Silene_spaldingii","Eureka",-115.05,48.9666666666667,12,-6.04400014877319,24.2099990844727
2005,2,"Silene_spaldingii","Eureka",-115.05,48.9666666666667,12,-0.797000050544739,1.57599997520447
2005,3,"Silene_spaldingii","Eureka",-115.05,48.9666666666667,12,3.32400012016296,35.7789993286133
2005,4,"Silene_spaldingii","Eureka",-115.05,48.9666666666667,12,7.0120005607605,12.7969999313354
2005,5,"Silene_spaldingii","Eureka",-115.05,48.9666666666667,12,11.6840009689331,52.2709999084473
2005,6,"Silene_spaldingii","Eureka",-115.05,48.9666666666667,12,13.6500005722046,134.401992797852
2005,7,"Silene_spaldingii","Eureka",-115.05,48.9666666666667,12,18.5590000152588,24.1429996490479
2005,8,"Silene_spaldingii","Eureka",-115.05,48.9666666666667,12,17.9440002441406,30.886999130249
2005,9,"Silene_spaldingii","Eureka",-115.05,48.9666666666667,12,11.6850004196167,69.6920013427734
2005,10,"Silene_spaldingii","Eureka",-115.05,48.9666666666667,12,6.80600023269653,35.1139984130859
2005,11,"Silene_spaldingii","Eureka",-115.05,48.9666666666667,12,0.98800003528595,50.9090003967285
2005,12,"Silene_spaldingii","Eureka",-115.05,48.9666666666667,12,-6.4680004119873,32.2589988708496
2006,1,"Silene_spaldingii","Eureka",-115.05,48.9666666666667,12,0.526000022888184,100.61799621582
2006,2,"Silene_spaldingii","Eureka",-115.05,48.9666666666667,12,-3.26300024986267,26.3460006713867
2006,3,"Silene_spaldingii","Eureka",-115.05,48.9666666666667,12,1.8050000667572,22.1119995117188
2006,4,"Silene_spaldingii","Eureka",-115.05,48.9666666666667,12,7.63400030136108,34.773998260498
2006,5,"Silene_spaldingii","Eureka",-115.05,48.9666666666667,12,11.9370002746582,50.2540016174316
2006,6,"Silene_spaldingii","Eureka",-115.05,48.9666666666667,12,16.7580013275146,105.305999755859
2006,7,"Silene_spaldingii","Eureka",-115.05,48.9666666666667,12,21.6690006256104,22.0049991607666
2006,8,"Silene_spaldingii","Eureka",-115.05,48.9666666666667,12,18.5970001220703,19.3479995727539
2006,9,"Silene_spaldingii","Eureka",-115.05,48.9666666666667,12,13.9990005493164,29.9759998321533
2006,10,"Silene_spaldingii","Eureka",-115.05,48.9666666666667,12,7.0620002746582,19.4750003814697
2006,11,"Silene_spaldingii","Eureka",-115.05,48.9666666666667,12,-0.315000027418137,92.3239974975586
2006,12,"Silene_spaldingii","Eureka",-115.05,48.9666666666667,12,-4.62400007247925,34
2007,1,"Silene_spaldingii","Eureka",-115.05,48.9666666666667,12,-6.20700025558472,24.1669998168945
2007,2,"Silene_spaldingii","Eureka",-115.05,48.9666666666667,12,-1.84900009632111,35.1839981079102
2007,3,"Silene_spaldingii","Eureka",-115.05,48.9666666666667,12,4.88200044631958,24.1359996795654
2007,4,"Silene_spaldingii","Eureka",-115.05,48.9666666666667,12,7.38200044631958,15.1619997024536
2007,5,"Silene_spaldingii","Eureka",-115.05,48.9666666666667,12,12.0220003128052,64.0830001831055
2007,6,"Silene_spaldingii","Eureka",-115.05,48.9666666666667,12,15.7130002975464,30.7509994506836
2007,7,"Silene_spaldingii","Eureka",-115.05,48.9666666666667,12,22.8050003051758,23.1030006408691
2007,8,"Silene_spaldingii","Eureka",-115.05,48.9666666666667,12,18.371000289917,5.57299995422363
2007,9,"Silene_spaldingii","Eureka",-115.05,48.9666666666667,12,13.4100008010864,24.5380001068115
2007,10,"Silene_spaldingii","Eureka",-115.05,48.9666666666667,12,6.97300052642822,37.4959983825684
2007,11,"Silene_spaldingii","Eureka",-115.05,48.9666666666667,12,0.303000003099442,27.9740009307861
2007,12,"Silene_spaldingii","Eureka",-115.05,48.9666666666667,12,-3.72700023651123,46.3370018005371
2008,1,"Silene_spaldingii","Eureka",-115.05,48.9666666666667,12,-6.42500019073486,61.609001159668
2008,2,"Silene_spaldingii","Eureka",-115.05,48.9666666666667,12,-0.170000001788139,25.701000213623
2008,3,"Silene_spaldingii","Eureka",-115.05,48.9666666666667,12,2.28700017929077,21.3740005493164
2008,4,"Silene_spaldingii","Eureka",-115.05,48.9666666666667,12,4.34200000762939,14.9490003585815
2008,5,"Silene_spaldingii","Eureka",-115.05,48.9666666666667,12,11.1460008621216,39.2550010681152
2008,6,"Silene_spaldingii","Eureka",-115.05,48.9666666666667,12,14.2940006256104,46.6209983825684
2008,7,"Silene_spaldingii","Eureka",-115.05,48.9666666666667,12,19.4240016937256,25.7409992218018
2008,8,"Silene_spaldingii","Eureka",-115.05,48.9666666666667,12,18.5820007324219,20.8810005187988
2008,9,"Silene_spaldingii","Eureka",-115.05,48.9666666666667,12,12.729001045227,35.9799995422363
2008,10,"Silene_spaldingii","Eureka",-115.05,48.9666666666667,12,6.58300018310547,16.6849994659424
2008,11,"Silene_spaldingii","Eureka",-115.05,48.9666666666667,12,2.98000025749207,22.7689990997314
2008,12,"Silene_spaldingii","Eureka",-115.05,48.9666666666667,12,-8.16800022125244,56.3089981079102
2009,1,"Silene_spaldingii","Eureka",-115.05,48.9666666666667,12,-4.49900007247925,46.0099983215332
2009,2,"Silene_spaldingii","Eureka",-115.05,48.9666666666667,12,-1.25700008869171,24.1879997253418
2009,3,"Silene_spaldingii","Eureka",-115.05,48.9666666666667,12,-0.240000009536743,45.2389984130859
2009,4,"Silene_spaldingii","Eureka",-115.05,48.9666666666667,12,6.41900014877319,28.0100002288818
2009,5,"Silene_spaldingii","Eureka",-115.05,48.9666666666667,12,11.2500009536743,36.8660011291504
2009,6,"Silene_spaldingii","Eureka",-115.05,48.9666666666667,12,15.0030002593994,51.0540008544922
2009,7,"Silene_spaldingii","Eureka",-115.05,48.9666666666667,12,19.3280010223389,63.8190002441406
2009,8,"Silene_spaldingii","Eureka",-115.05,48.9666666666667,12,18.7980003356934,32.3370018005371
2009,9,"Silene_spaldingii","Eureka",-115.05,48.9666666666667,12,15.8320007324219,9.43299961090088
2009,10,"Silene_spaldingii","Eureka",-115.05,48.9666666666667,12,3.61900019645691,40.3320007324219
2009,11,"Silene_spaldingii","Eureka",-115.05,48.9666666666667,12,2.2810001373291,26.2099990844727
2009,12,"Silene_spaldingii","Eureka",-115.05,48.9666666666667,12,-7.76000022888184,24.2399997711182
2010,1,"Silene_spaldingii","Eureka",-115.05,48.9666666666667,12,-2.15500020980835,24.4599990844727
2010,2,"Silene_spaldingii","Eureka",-115.05,48.9666666666667,12,1.6120001077652,6.81199979782104
2010,3,"Silene_spaldingii","Eureka",-115.05,48.9666666666667,12,4.32100009918213,15.5740003585815
2010,4,"Silene_spaldingii","Eureka",-115.05,48.9666666666667,12,6.11400032043457,28.0289993286133
2010,5,"Silene_spaldingii","Eureka",-115.05,48.9666666666667,12,9.28400039672852,48.4900016784668
2010,6,"Silene_spaldingii","Eureka",-115.05,48.9666666666667,12,14.6190004348755,100.633003234863
2010,7,"Silene_spaldingii","Eureka",-115.05,48.9666666666667,12,18.0670013427734,28.1019992828369
2010,8,"Silene_spaldingii","Eureka",-115.05,48.9666666666667,12,17.6500015258789,47.1629981994629
2010,9,"Silene_spaldingii","Eureka",-115.05,48.9666666666667,12,12.1750001907349,72.3310012817383
2010,10,"Silene_spaldingii","Eureka",-115.05,48.9666666666667,12,8.05500030517578,18.1630001068115
2010,11,"Silene_spaldingii","Eureka",-115.05,48.9666666666667,12,-1.2940000295639,54.7039985656738
2010,12,"Silene_spaldingii","Eureka",-115.05,48.9666666666667,12,-4.12800025939941,49.7929992675781
2011,1,"Silene_spaldingii","Eureka",-115.05,48.9666666666667,12,-3.96400022506714,58.7809982299805
2011,2,"Silene_spaldingii","Eureka",-115.05,48.9666666666667,12,-5.41600036621094,32.9189987182617
2011,3,"Silene_spaldingii","Eureka",-115.05,48.9666666666667,12,2.43700003623962,34.5470008850098
2011,4,"Silene_spaldingii","Eureka",-115.05,48.9666666666667,12,4.67700004577637,65.1500015258789
2011,5,"Silene_spaldingii","Eureka",-115.05,48.9666666666667,12,10.1720008850098,62.9609985351562
2011,6,"Silene_spaldingii","Eureka",-115.05,48.9666666666667,12,14.068000793457,79.6620025634766
2011,7,"Silene_spaldingii","Eureka",-115.05,48.9666666666667,12,18.19700050354,42.2620010375977
2011,8,"Silene_spaldingii","Eureka",-115.05,48.9666666666667,12,19.7330017089844,3.27900004386902
2011,9,"Silene_spaldingii","Eureka",-115.05,48.9666666666667,12,15.1080007553101,21.8780002593994
2011,10,"Silene_spaldingii","Eureka",-115.05,48.9666666666667,12,7.08900022506714,60.1660003662109
2011,11,"Silene_spaldingii","Eureka",-115.05,48.9666666666667,12,0.183000013232231,38.0929985046387
2011,12,"Silene_spaldingii","Eureka",-115.05,48.9666666666667,12,-1.94900012016296,25.2339992523193
2012,1,"Silene_spaldingii","Eureka",-115.05,48.9666666666667,12,-2.91300010681152,35.0250015258789
2012,2,"Silene_spaldingii","Eureka",-115.05,48.9666666666667,12,-1.46700012683868,10.6840000152588
2012,3,"Silene_spaldingii","Eureka",-115.05,48.9666666666667,12,2.65700006484985,83.7419967651367
2012,4,"Silene_spaldingii","Eureka",-115.05,48.9666666666667,12,7.71200037002563,30.3010005950928
2012,5,"Silene_spaldingii","Eureka",-115.05,48.9666666666667,12,10.5100002288818,34.2860984802246
2012,6,"Silene_spaldingii","Eureka",-115.05,48.9666666666667,12,13.6790008544922,169.630996704102
2012,7,"Silene_spaldingii","Eureka",-115.05,48.9666666666667,12,20.0270004272461,50.1479988098145
2012,8,"Silene_spaldingii","Eureka",-115.05,48.9666666666667,12,18.9740009307861,12.4750003814697
2012,9,"Silene_spaldingii","Eureka",-115.05,48.9666666666667,12,14.4290008544922,15.6840000152588
2012,10,"Silene_spaldingii","Eureka",-115.05,48.9666666666667,12,6.75800037384033,59.4389991760254
2012,11,"Silene_spaldingii","Eureka",-115.05,48.9666666666667,12,2.78900003433228,71.0950012207031
2012,12,"Silene_spaldingii","Eureka",-115.05,48.9666666666667,12,-1.38800001144409,58.2683982849121
2013,1,"Silene_spaldingii","Eureka",-115.05,48.9666666666667,12,-2.7480001449585,15.8920001983643
2013,2,"Silene_spaldingii","Eureka",-115.05,48.9666666666667,12,1.24000000953674,6.60200023651123
2013,3,"Silene_spaldingii","Eureka",-115.05,48.9666666666667,12,3.14900016784668,20.9209995269775
2013,4,"Silene_spaldingii","Eureka",-115.05,48.9666666666667,12,6.31600046157837,54.8310012817383
2013,5,"Silene_spaldingii","Eureka",-115.05,48.9666666666667,12,12.3470001220703,58.8790016174316
2013,6,"Silene_spaldingii","Eureka",-115.05,48.9666666666667,12,15.4540004730225,75.7699966430664
2013,7,"Silene_spaldingii","Eureka",-115.05,48.9666666666667,12,20.935001373291,0
2013,8,"Silene_spaldingii","Eureka",-115.05,48.9666666666667,12,20.2150001525879,45.6809997558594
2013,9,"Silene_spaldingii","Eureka",-115.05,48.9666666666667,12,15.278000831604,72.4739990234375
2013,10,"Silene_spaldingii","Eureka",-115.05,48.9666666666667,12,5.36900043487549,17.9559993743896
2013,11,"Silene_spaldingii","Eureka",-115.05,48.9666666666667,12,0.111000008881092,40.2890014648438
2013,12,"Silene_spaldingii","Eureka",-115.05,48.9666666666667,12,-5.57400035858154,20.2189998626709
